y_act,vf,vsa,gsa,pld,lcd,TInf
128.2983654,0.85,2110,4856,11.4,14.1,0.477008929
45.33650314,0.33,141,142,3.8,5.2,0.943223443
12.80396273,0.95,841,6688,21.4,38.4,0.177280784
13.59822204,0.96,805,7743,21.8,41.3,0.165689177
142.2337338,0.92,1157,6180,16.5,30.9,0.277101894
145.5374073,0.94,1118,6945,16.9,32.1,0.246847208
8.154071906,0.97,692,8078,25.1,44.2,0.147367771
124.7739746,0.82,945,2269,21.6,25.7,0.341158871
10.77478767,0.94,689,3842,36.6,40.8,0.162074707
11.70471446,0.94,536,3634,39.9,46,0.149052612
9.170291942,0.95,627,4857,41.1,47,0.143668687
13.56274879,0.96,564,5220,43.8,48.8,0.124717067
123.6729382,0.81,1052,2315,19.3,23.7,0.369246147
34.40353867,0.89,782,2607,27.7,32.4,0.26111516
19.673473,0.96,607,5231,42.2,48.3,0.133185547
13.63137808,0.96,585,5531,43.3,48.6,0.121629706
21.53004211,0.96,475,4305,48.1,56.3,0.119134812
15.86661324,0.97,497,5253,49.2,56.1,0.110088162
15.2339262,0.96,579,5603,43.4,48.3,0.11844884
15.35042662,0.96,513,5257,47.5,52.4,0.113154434
9.270878005,0.97,479,5054,49.3,54.1,0.098927029
15.48049856,0.95,606,4610,41.6,45.8,0.142247953
31.92068203,0.9,860,2845,25,31.2,0.261672998
16.34267257,0.976914,390.803511,5908.628831,58.33743,65.37503,0.082065969
35.10237942,0.91,792,3170,29,34.6,0.229687335
17.23386947,0.93,747,3606,34.1,37.8,0.186576843
21.65911945,0.94,727,4143,35.3,39.7,0.17527896
14.43499276,0.96,592,4741,42.2,46.6,0.136233896
85.37642091,0.95,951,7062,45.9,49.3,0.187548295
81.63970155,0.95,919,6617,45.1,49.5,0.181908867
133.456624,0.88,1353,3766,29.2,30.5,0.373230373
89.91403802,0.88,1271,3540,33.2,34.9,0.344301146
74.25099953,0.93,1009,5219,46.1,47.7,0.224903241
68.21643101,0.94,913,5381,51,52.6,0.192803437
126.6081362,0.83,1167,2253,29.7,30.8,0.423172001
121.3018784,0.81,1835,3404,13.1,14.9,0.48170194
139.7452963,0.91,1548,5993,18.2,20.8,0.322952381
139.8978938,0.92,1346,5538,23.9,25.6,0.298788259
142.16997,0.93,1305,5959,21.3,22.6,0.262913768
144.039321,0.93,1167,6257,25.1,26.7,0.237007168
133.0093272,0.88,1419,3981,28.3,29.4,0.381802721
39.55118036,0.96,819,7195,34,37,0.159487842
7.896498519,0.97,622,8020,41,44.6,0.115083459
69.06744344,0.91,1110,5662,42.7,44,0.259720747
87.34051265,0.95,920,6201,35.9,38.2,0.193645833
35.61045573,0.95,918,6568,37.8,39.1,0.176397569
136.3789748,0.89,1351,4511,21.7,23.7,0.346870866
99.57903782,0.94,1023,5698,31.6,33.9,0.225761347
13.0135307,0.96,862,6873,30.9,35.7,0.160586124
20.79242028,0.97,655,6907,43.2,46.1,0.127249994
36.44851909,0.96,839,7678,33.7,36.5,0.162241404
145.0982807,0.94,1196,6851,21,33.6,0.210143547
146.5406605,0.95,1009,6000,21.4,34.7,0.193676906
9.733561693,0.95,1027,6740,20.4,34.3,0.18282
8.755947406,0.95,1046,6740,21.2,33.1,0.184181388
133.6710847,0.86,1512,4234,12.2,18.3,0.385010957
144.9317333,0.94,1180,6383,19.8,25.8,0.23354974
124.8026727,0.83,1814,3995,13.1,14.4,0.453569789
29.49586293,0.96,772,7586,27.4,43.1,0.142195767
137.8971525,0.9,1462,4345,14.6,24.1,0.328915788
128.2294839,0.85,1746,3879,10,17.4,0.445652174
133.6885672,0.88,1645,4114,11.9,21.5,0.400766129
130.6520143,0.85,1630,4046,11.5,20.1,0.414289289
142.6604159,0.93,1255,6977,15.4,27.8,0.234666082
135.0264069,0.88,1407,4692,13.2,24.2,0.338254148
135.8581931,0.89,1562,4764,11.8,22.7,0.338340149
22.19717228,0.94,1126,7234,17.4,30.7,0.206224729
48.22462074,0.95,1042,7475,18.1,34.8,0.193050015
5.693019827,0.95,960,6486,18.6,35.6,0.171525891
110.9432876,0.76,1804,2986,8.1,13.4,0.565334467
81.89815728,0.94,1021,6415,44.6,47.5,0.208173844
141.392951,0.92,1472,6111,16.2,23.1,0.285500564
141.0868155,0.92,1588,6469,15.8,20.7,0.291565796
140.6753147,0.92,1430,5716,15.6,24,0.295475531
145.3526538,0.94,1133,5854,17.8,27.9,0.223663308
27.91915685,0.95,1053,7448,21,33.4,0.188189519
146.8281843,0.95,990,7379,24,34.9,0.179671869
138.5077569,0.9,1546,5393,15.7,23.5,0.335424134
131.056763,0.85,1683,4157,11.4,19.3,0.414179369
41.16948036,0.95,960,7087,25,35.3,0.185690867
124.0694912,0.84,1246,2565,30.1,31.1,0.413442013
10.49549501,0.96,852,8049,26.9,38,0.154620058
21.38653169,0.97,683,7815,33,45.2,0.127831915
125.2082282,0.84,1253,2460,29.6,31,0.394922342
136.0338579,0.88,1700,5186,12.5,18.5,0.365975936
137.6513319,0.89,1458,4531,15.9,21.5,0.327702873
40.18040517,0.94,1026,6894,23.5,32,0.193667914
132.7589,0.88,1496,4228,22.6,24.4,0.335795455
49.00489939,0.94,1055,6441,34.3,37.4,0.195321834
62.41202228,0.95,945,6285,37.8,40.7,0.184426471
117.4543216,0.8,1859,3083,13,14.4,0.486628571
141.5113096,0.93,1254,5500,28.6,30,0.267364088
74.05844333,0.95,999,6890,37.1,38.4,0.200952489
27.72597472,0.96,755,7743,41.6,46.3,0.141329423
128.6662596,0.85,1327,3183,20.6,22.8,0.431160186
131.0395629,0.85,1273,3146,19.3,20.9,0.41412037
141.0265661,0.91,1267,5422,30.1,31.8,0.286174242
79.06255914,0.93,1129,6603,32.4,34.3,0.225819366
71.15167647,0.95,960,6472,37.1,38.2,0.20712724
130.1275357,0.86,1362,3481,22.2,23.1,0.403846154
135.9473658,0.9,1337,4347,25.8,26.5,0.309485816
86.07107139,0.93,1119,5663,34.2,35.8,0.246963971
76.00942858,0.92,1026,4769,35.8,37.5,0.273378582
11.15497829,0.95,872,6061,40.9,43.5,0.167431973
73.66469187,0.91,1108,5219,43.6,44.7,0.26218063
143.94035,0.93,1175,5803,16.4,32.7,0.236878665
2.023787672,0.95,1000,7565,21.2,34.4,0.171820749
44.91469413,0.95,1096,7119,19.9,35.9,0.199523148
26.22723325,0.96,852,7715,24.3,41.8,0.153118343
3.433927084,0.97,807,8337,24.6,45.1,0.137668062
137.0233473,0.89,1726,4855,12,21.3,0.342976112
8.646266018,0.97,710,7485,27.1,47.6,0.129650255
134.3479338,0.86,1524,4533,12.4,26.6,0.36954467
15.03003447,0.92,1190,6794,17.1,30.5,0.215890988
144.9470063,0.94,1177,6176,17.5,33.8,0.235350211
99.2257025,0.93,1209,5435,37.4,40.5,0.270293561
1.74850926,0.972877,552.141476,6745.775135,32.1906,55.91889,0.09728206
143.8968832,0.94,1225,5860,16.8,31.9,0.250185561
138.0639098,0.9,1610,4993,12.6,23,0.326638478
41.63902758,0.97,780,7323,26.1,46.5,0.144829178
2.318667472,0.97,724,8050,25.2,44.4,0.124804382
2.351079045,0.97,559,7195,31.8,55.3,0.096408065
139.3260724,0.9,1351,5136,14.6,31.4,0.309720663
145.7862741,0.95,1088,6588,18.9,34.3,0.206468907
6.808277826,0.98,565,8104,32.2,57,0.101296296
141.3359993,0.92,1240,5077,16.6,33,0.271716534
116.5229299,0.79,1330,2466,21.9,23.5,0.522727273
130.3987825,0.86,1440,3523,25.9,26.9,0.417910854
123.7639819,0.81,1601,3316,12.6,17.8,0.526007905
133.2584396,0.87,1652,4891,14.6,21.6,0.396211993
87.2364766,0.62,1327,1607,7.7,11.3,0.762502148
130.4197476,0.86,1432,4013,16,22.5,0.405455313
92.49855511,0.93,1201,6656,39.5,42.5,0.248076923
140.720936,0.92,1174,4909,22.1,32.5,0.299690283
142.2064172,0.92,1329,6783,22.6,31.4,0.264105555
49.05761838,0.95,831,6191,33.6,45.6,0.173660942
20.20420387,0.23,385,163,2.9,8.1,0.943148688
114.335731,0.77,1405,2084,13,21,0.496597222
136.2153176,0.89,1166,4077,23,32.8,0.301434402
97.22771887,0.64,1495,1508,8.3,15.9,0.669125
140.3038665,0.92,1277,5322,21.4,29.8,0.288199965
141.5897553,0.92,1284,6304,22.5,30.1,0.273803571
45.70890159,0.94,1037,6049,26.3,35.8,0.199864792
115.4931188,0.78,1529,2602,12.1,17.5,0.57007316
140.6464932,0.92,1310,5736,21.9,29.9,0.269622803
143.9887755,0.93,1163,5703,24.2,34.8,0.253257888
58.33646093,0.95,845,6424,32.5,45.3,0.180781348
50.2716747,0.95,852,6197,32.5,46.5,0.183407802
45.10060662,0.96,725,6286,38,52.7,0.149528
128.9119497,0.85,1363,3265,15.8,23.3,0.417450519
31.88099457,0.93,1055,5145,25.3,36.4,0.214636843
109.5856608,0.76,1413,2030,11.3,19.8,0.532608696
85.4644277,0.65,1366,1111,6.8,10.4,0.775260417
132.7407689,0.86,1474,4127,15.8,22.5,0.417252747
140.1012095,0.91,1471,5598,19.3,25.7,0.327438609
139.413184,0.91,1362,4850,19.7,29.1,0.338072348
143.6831835,0.94,1257,7097,23,31.4,0.245459402
62.44511979,0.94,1207,6594,24.2,31.7,0.226993519
77.5419128,0.94,1078,6824,26.3,35.1,0.220414905
74.56374033,0.94,1054,6888,52.8,54.7,0.214244824
8.70545857,0.96,733,6051,37.5,51.1,0.14084
70.16744665,0.94,902,5582,58.9,59.5,0.206640338
71.94484587,0.92,1089,4388,24.7,34.1,0.273850306
112.6701589,0.76,1410,2090,11.6,19.8,0.530403277
55.14897502,0.94,898,5459,30.5,42.8,0.196625344
143.6885686,0.93,1185,5564,23.6,33.7,0.2703125
143.8263935,0.93,1161,5796,24,33,0.250032092
143.4501228,0.93,1135,5343,24,33.4,0.233355263
124.1482097,0.82,2405,5170,9.6,12.1,0.541707653
79.46898647,0.94,1104,6615,25,36.1,0.23427251
68.2982713,0.94,1073,6179,25.4,35.9,0.219904882
10.7401011,0.95,833,6091,31,42.3,0.160512575
125.5836806,0.84,1553,3452,13.5,20.5,0.496617327
139.295539,0.91,1233,4447,22,31.2,0.28956229
54.62424605,0.95,905,6724,32.1,44.2,0.190353909
51.33257104,0.96,773,6754,35.9,49.5,0.161118367
48.37335853,0.96,685,6970,40.2,54.9,0.139047655
134.7206959,0.88,1230,3611,18.5,26.3,0.373014221
135.0211697,0.89,1552,4786,14.9,25.6,0.383727078
119.0544913,0.8,1279,2174,13.9,22.6,0.492565158
83.6731553,0.85,1186,3465,33.6,34.8,0.381965465
52.28730178,0.95,810,5701,33.8,46.9,0.173403139
130.5978928,0.86,1309,2875,16.1,26,0.393102097
129.874152,0.85,1235,2857,18.1,26.8,0.401052167
143.4098151,0.93,1286,6018,21.7,29.7,0.269372848
141.647178,0.92,1291,5890,21.7,29.7,0.278529657
86.19798115,0.86,1331,3601,36.3,37.6,0.362608403
144.0268515,0.94,1121,6641,25.3,34.6,0.231095041
73.09801374,0.95,973,6638,27.6,38.1,0.197168857
64.17588256,0.96,830,6496,31.2,42.5,0.167452237
138.0034988,0.9,1129,4060,20.9,32.1,0.324089151
42.45282979,0.95,876,5617,32.3,44.6,0.176676371
43.64687674,0.95,858,6187,31.8,43.1,0.180182257
141.9649377,0.91,1362,4653,19.4,28,0.325444444
30.03069008,0.96,717,6446,38.1,51.9,0.135144
78.65682341,0.89,1220,4086,40.9,42.6,0.296810458
34.45277575,0.97,594,7566,44.2,60.8,0.115290535
134.847076,0.89,1236,3623,16.7,25.2,0.386928763
45.88368423,0.94,842,5138,31.5,45.2,0.194639578
128.97612,0.85,1184,2663,18.3,26.7,0.396094683
122.4243645,0.83,1527,3291,19.7,21.7,0.442410714
127.9201397,0.86,1514,3472,22.3,24.6,0.357149287
132.3157564,0.87,1525,4224,21.9,24.3,0.344583333
88.23544475,0.93,1209,5259,30.2,32.6,0.261085116
73.15448198,0.93,1236,6685,34.4,36.1,0.225343651
131.2067024,0.85,2155,5213,10.2,12.8,0.46942334
56.34584563,0.95,948,6471,38.1,41.4,0.185252059
14.32564712,0.96,799,7553,45,48.7,0.143302272
136.6115622,0.89,1405,4166,23.8,24.5,0.340499344
124.5429563,0.83,1628,3224,14.2,16.2,0.475325741
143.1449529,0.93,1188,5527,26.8,30.7,0.263408601
87.98949259,0.94,1116,6036,32.8,34.5,0.241185296
82.17906438,0.94,1060,7096,32,34.1,0.200499412
63.64304738,0.95,907,6968,39.5,41,0.17791917
61.87701512,0.96,871,7351,40.8,43.3,0.171867691
49.22056015,0.96,751,6874,45.5,47.9,0.149121309
128.58515,0.84,1680,3636,15.4,17.8,0.481481481
72.71918055,0.95,1036,7483,36.1,38,0.193969235
67.8997789,0.95,934,6710,37.6,39.3,0.186411628
132.3729603,0.86,1482,3309,17.7,19.7,0.432266746
132.9036436,0.88,1303,4799,24,25.5,0.349523961
68.7468908,0.95,980,7467,35,37.7,0.192201849
125.9465771,0.82,1608,3285,15,17.1,0.50575873
125.7907755,0.83,1575,3062,17.2,18.6,0.455313093
136.1018029,0.89,1586,5454,21.6,23.4,0.358452381
136.6926676,0.9,1500,4774,21.5,23.5,0.368183422
139.4743083,0.9,1416,5410,24,26.2,0.317901235
139.4033707,0.91,1434,5299,21.9,25.2,0.330702816
105.289062,0.73,1499,2119,10.7,12.9,0.607583774
88.27376867,0.91,1207,5058,40.4,42.2,0.288863781
128.1207473,0.86,1940,4317,10.8,13,0.502012882
77.57653094,0.91,1116,4157,46.4,47.5,0.281119708
73.4251574,0.92,1080,5058,48.4,50.1,0.240211534
99.84608751,0.69,1047,1312,21.9,23.5,0.544297138
87.32408663,0.66,1705,1651,6.8,8.6,0.722934363
104.9299928,0.69,1575,1728,7.2,9.5,0.713616558
140.4645899,0.88,1620,6673,11.8,14.8,0.354220402
147.4097375,0.95,1067,7187,17.5,22.5,0.217520661
147.985099,0.95,1006,7480,18.4,23,0.20379575
19.64852817,0.95,963,7632,19.1,24,0.192497048
147.59613,0.95,1025,7565,18.7,24.3,0.209220969
2.603040426,0.97,689,7750,24.4,29.4,0.127326965
5.816953713,0.97,620,8089,26.4,32.7,0.119733677
3.126499819,0.97,593,9494,28,33.4,0.1104563
138.1104967,0.89,1780,6407,11.7,14.1,0.37951523
9.86047918,0.96,758,7939,23.6,27.7,0.148364108
142.6328585,0.91,1587,7163,12.9,14.1,0.323625893
7.372757262,0.97,659,8425,26.1,31.3,0.126542049
2.259038888,0.97,601,7914,26.7,32.3,0.109613435
141.7397498,0.912671,1540.33226,6655.364253,12.95256,17.10369,0.330473625
10.99872118,0.96,828,8462,21.3,26.6,0.158925693
26.52835226,0.97,771,8306,26.4,28.6,0.14890003
6.569166408,0.98,558,8982,28.3,35.7,0.103964444
2.561411687,0.98,462,7566,31.5,38.6,0.085777344
144.9109917,0.93,1280,6833,16.2,20.2,0.268635454
48.16526917,0.4,243,187,3.5,5.3,0.91576749
24.01439467,0.97,695,7804,25.4,30.5,0.136860455
7.654238087,0.97,639,8800,26.9,31.3,0.12200731
79.39333048,0.65,1245,1161,4.9,8.6,0.780912365
37.55704556,0.96,841,7318,22.7,28.9,0.164967202
142.2996112,0.92,1376,6680,14.8,18.2,0.287454284
144.6071896,0.92,1266,6739,17.6,21.2,0.261811391
144.8694532,0.93,1398,7766,15.4,19.2,0.275785955
94.66966257,0.64,1490,1791,8.1,8.8,0.72867893
130.7595352,0.86,1971,4601,9.4,12.6,0.495240125
6.545704031,0.97,698,8986,26.2,31.9,0.127715079
129.8609695,0.85,1987,5134,9.2,12.3,0.477108037
145.0573949,0.94,1161,6958,17.7,22,0.23844862
146.2145329,0.94,1145,8074,18.6,21.7,0.224614567
4.112207187,0.95,878,7307,22.4,26.9,0.162530525
14.74648862,0.96,786,7604,24.8,29.2,0.150746705
6.806446455,0.97,743,9175,26,30.7,0.137080577
127.4018686,0.84,2080,5115,8.7,11.2,0.513471074
128.4065063,0.85,2008,4937,9.1,11.8,0.48968895
127.8712958,0.84,1809,4674,10.4,12.7,0.480555556
131.3014808,0.86,2017,5695,9.4,12.2,0.462687747
12.01093544,0.94,1024,6684,19.4,23.7,0.199309636
133.4392882,0.87,1871,5537,12.7,14.7,0.413194444
148.6345651,0.96,1021,7359,20.4,24.8,0.201520468
124.4851321,0.83,2196,4432,9.3,13.7,0.497777778
130.0334208,0.85,1983,5151,9.3,12.1,0.477867045
88.90573425,0.59,402,454,3.9,4.9,0.885841837
135.0044136,0.87,1851,5752,10.5,13.3,0.438141026
140.7994905,0.91,1540,6453,13.4,16.8,0.334910394
123.6080918,0.84,1999,4509,8.7,14.8,0.478383459
11.93522169,0.95,1086,8674,19,23.1,0.205998213
124.2844443,0.84,2201,5620,8.1,9.9,0.542380952
18.73859917,0.95,929,8260,22.1,25.9,0.179144305
7.102441876,0.97,742,9164,25.9,30.7,0.136607987
131.1023151,0.86,1852,4526,9.9,16.4,0.429780801
144.6288107,0.93,1284,6458,16.4,20.2,0.263101604
145.6301265,0.94,1251,7930,16.9,21,0.248389256
134.8839465,0.88,1771,5378,10.7,17.6,0.38629907
69.72491059,0.95,999,8385,20.3,24.7,0.191308885
4.703591633,0.96,702,7159,26,31.3,0.133089694
68.81786807,0.54,827,618,3.7,7.1,0.848915187
133.3769917,0.87,1732,5408,11.7,15.1,0.418309438
139.9187755,0.9,1540,6422,12.9,16.9,0.338483245
144.0293821,0.92,1427,7008,14.7,18,0.296931217
14.06954554,0.96,789,8440,24.5,29.8,0.147823509
140.7123398,0.91,1614,6283,12.7,15.8,0.345098855
139.2459159,0.9,1603,6204,12.6,16.5,0.357262331
127.6298032,0.84,1804,4351,10.8,18.2,0.464507429
132.419127,0.86,1900,4556,7.4,19.7,0.474073886
96.26257543,0.67,1455,1672,4.7,10.5,0.714015152
135.2422393,0.88,1617,4839,11.6,20.2,0.382986006
140.9726158,0.91,1429,5814,12.7,24.8,0.304278716
142.2181774,0.92,1330,6750,15.5,27.5,0.265122549
143.941683,0.93,1208,6680,16.2,30.3,0.243441215
139.3932546,0.91,1492,6127,11,24,0.297864938
142.4317644,0.92,1437,6533,12.7,26.8,0.280352304
143.284634,0.93,1272,5905,15.6,27.7,0.270208429
144.4572578,0.93,1298,7438,14,31.3,0.237095282
132.9276017,0.86,1642,4335,9.3,20.9,0.379791556
134.7850212,0.88,1646,4721,10.7,21.1,0.351373008
139.290104,0.9,1344,4906,14.4,27,0.293958653
139.9543726,0.91,1293,5489,13.8,29.3,0.279756528
120.9608154,0.8,1927,3449,7.6,15.7,0.495657568
97.3103741,0.69,1446,1770,4.5,10.6,0.710227273
117.0407637,0.8,1815,3113,6.5,13.2,0.586694102
137.8654044,0.89,1805,5823,9.5,20.2,0.367909352
127.6382499,0.86,1795,4167,8.7,16.6,0.469132966
81.4319144,0.6,1208,1099,4.2,9.4,0.77979066
60.54238044,0.52,654,627,3.4,7.1,0.879611331
136.1072582,0.9,1787,6791,8.9,22.8,0.34477721
144.3614013,0.93,1259,6530,14.2,29.4,0.258301206
144.5840758,0.94,1124,7126,17,31.4,0.220791246
134.2016672,0.86,1872,4912,9.4,19.2,0.416846604
135.9685851,0.87,1472,4730,11.6,23.7,0.340645052
136.5325674,0.89,1434,4453,12.9,22.4,0.3084862
0,0.28,8,3,0.6,4.3,0.964646465
107.2170292,0.74,2364,2957,5.7,10,0.644132653
132.5309962,0.86,1796,4931,8.7,19,0.39524844
135.6018613,0.87,2051,5782,7.5,18.5,0.453300335
75.06205577,0.56,951,838,3.8,8.1,0.821770335
110.6237117,0.73,1583,2266,4.6,13.7,0.650816
113.9989897,0.78,1832,3036,5.3,13.4,0.591420118
134.5098592,0.88,1624,4715,10.2,22.3,0.347202881
128.6403653,0.87,1890,5340,10.8,17.2,0.418353659
104.3974518,0.71,1651,2055,5,10.7,0.660839161
125.6827902,0.83,1755,3467,9.4,16.6,0.485686707
134.4168508,0.88,1583,4195,10.1,21.6,0.384950665
135.3642513,0.88,1673,4795,10.3,20.3,0.360651595
72.06023526,0.54,1005,803,3.5,8.7,0.804625199
128.1255959,0.85,2057,4606,6.9,15.4,0.464873563
137.706557,0.89,1860,6186,9.1,19.2,0.382959938
136.4448385,0.9,1530,5000,11.8,21.8,0.31871345
108.6011538,0.75,1617,2615,5.4,12.9,0.638186177
27.04657431,0.21,2,1,2,4.2,0.967372134
133.5996024,0.87,1626,4116,10,21.1,0.399440138
91.084716,0.62,1346,1519,4.9,12.1,0.700922266
130.8959226,0.88,1710,4399,9.9,18.8,0.437554466
138.5047691,0.9,1514,4989,11.8,22.6,0.320005703
140.0378084,0.91,1560,6211,12,22.5,0.332284113
115.0652533,0.75,2018,2770,7.3,11.2,0.576680672
141.4457431,0.92,1376,6153,15.3,25.5,0.285402064
106.0739206,0.73,1719,2735,5.6,11,0.648838384
140.8281828,0.92,1394,5542,12.2,23.6,0.276834793
142.6999356,0.92,1442,6764,12.6,23.1,0.28820598
135.2657354,0.89,1799,6061,10.4,16,0.40034965
10.88259217,0.94,1021,6232,16.9,32.9,0.191407255
93.20919953,0.67,1824,2109,5.9,8.1,0.725105042
97.00447875,0.68,1683,1849,5.2,11.9,0.736796982
81.34505229,0.58,1144,908,4.2,9.1,0.826666667
134.1586445,0.88,1680,4667,11.1,21.4,0.387982872
136.3165948,0.89,1546,4700,12.3,23.6,0.351592593
110.3981762,0.77,1817,2429,5.4,14.3,0.669128963
128.9448045,0.86,1858,4282,8.6,18,0.521784615
132.5490408,0.86,1848,4868,9.2,19.4,0.467564103
140.5202948,0.91,1533,5855,11.9,24.7,0.37236078
142.155723,0.92,1390,6484,13.5,26.5,0.32043457
96.85018738,0.7,1418,1635,5.3,11.4,0.776624375
136.5600849,0.89,1865,5200,9.2,19.7,0.451461227
138.0803634,0.89,1854,5426,10.8,21.9,0.418695949
136.0441816,0.89,1896,5761,9.9,20.5,0.432294037
84.27895843,0.65,1230,1317,4.4,11.6,0.788307333
88.45937746,0.65,1172,1413,4,14.2,0.773545706
104.3950751,0.76,1623,2135,4.6,14.8,0.686543228
128.5127634,0.85,1821,4130,7.9,20.7,0.519799727
136.3407189,0.9,1569,5041,10.4,24.1,0.374103079
122.0041439,0.81,2131,4303,7.2,14.9,0.601521412
132.0929058,0.87,1781,4923,9.2,20.5,0.471749811
137.2479061,0.9,1599,5307,11.2,23.2,0.407041276
137.4232978,0.89,1597,5888,11.7,22.2,0.38509164
143.3253861,0.93,1389,7308,14.4,28.1,0.297212828
130.6430381,0.85,1595,3913,13.8,17.5,0.407695047
8.890029515,0.952783,779.797882,6318.87293,27.85602,32.41792,0.160081147
119.9449945,0.79,1864,4004,9.5,11.4,0.57852531
129.7032743,0.85,1655,3790,12.5,16.8,0.44039816
136.1951292,0.88,1594,4954,15.3,17.9,0.354166667
136.7106347,0.89,1378,4630,16.2,20.5,0.327493748
135.5955892,0.89,2065,7415,11,13,0.449928571
131.3544107,0.85,1983,5914,11.3,12.5,0.509636221
139.9983888,0.91,1478,5682,15.9,18.8,0.315707258
110.2770247,0.74,1829,2545,9.2,11.7,0.617670443
138.2116529,0.89,1539,5275,16.3,19.4,0.338173033
138.4706422,0.9,1348,4984,17.6,20.4,0.304806266
137.5792685,0.89,1612,5326,15.7,18.2,0.373650022
130.2203337,0.86,1890,5665,10.6,14.9,0.478830474
143.0491457,0.92,1444,7252,16.2,21,0.318445578
46.03335604,0.9226,1135.877109,5761.26694,20.72612,25.31042,0.239998212
17.66799583,0.931468,993.695554,5522.824983,22.43978,25.54811,0.212684328
127.2625301,0.83,1576,3495,13,16.8,0.433865207
136.0194441,0.87,1682,4901,13.9,16.8,0.374521412
17.59835764,0.9,1245,4467,18.1,21.6,0.275667311
128.690689,0.84,1681,3457,12.6,15.7,0.438500625
135.7808803,0.88,1426,4397,15.6,18.9,0.347972339
134.637796,0.88,1394,3997,16.2,19.3,0.328205382
39.40525789,0.943046,1010.739457,6423.014259,22.65146,27.39471,0.20173388
71.48326705,0.49,856,594,4.5,5.8,0.873185185
125.9226518,0.82,1664,3223,11.8,14.4,0.471408318
133.8410543,0.87,1608,4198,14.2,16.2,0.362978011
131.3937127,0.86,1760,4979,10.7,15.9,0.473878903
109.5445416,0.76,2096,2850,9.5,10.7,0.614712733
132.2648057,0.86,1842,6126,10.5,14.8,0.438328598
0,0.01,0,0,1,2.7,1
0,0.13,0,0,1.8,3.8,0.994666667
121.0222878,0.81,2108,4561,8.3,12.5,0.53505291
80.45266701,0.65,1141,1386,4.4,7.4,0.835202676
0,0.19,0,0,2.2,3.6,0.997252747
116.6191489,0.78,1887,3816,7.6,10.8,0.638626339
144.8739032,0.93,1274,7028,15.9,19.9,0.263267571
35.6073701,0.95,918,7311,21.1,27.1,0.181555671
22.15621172,0.96,862,7875,23.1,27.9,0.16799474
140.6608417,0.91,1601,6512,12.4,17.2,0.351381582
6.215711226,0.94,1228,8842,15.8,20.4,0.227695212
145.9617661,0.94,1259,8496,17.4,20.9,0.239516955
125.8239727,0.84,2248,5712,8,10.7,0.541
7.756368077,0.96,796,9381,24.4,28.7,0.145087236
125.0603596,0.82,1898,4758,9.5,12.9,0.507936508
144.7508814,0.93,1297,7008,16.3,19.5,0.267126736
142.1131713,0.92,1376,7026,14.4,21.3,0.29383669
136.5437026,0.89,1765,6246,11.4,14.9,0.405279503
144.5340649,0.94,1160,6673,18.5,23.1,0.231012931
146.0410058,0.94,1106,7723,18.3,24.6,0.215925807
12.31615301,0.95,1013,8538,19.8,25.1,0.195204425
129.5838539,0.86,2089,6187,9.9,12.3,0.484588802
139.5278568,0.9,1614,6588,13.1,17.8,0.359435262
99.09978196,0.67,1922,2053,5.2,7.2,0.745238095
147.9732639,0.95,1021,7584,19.8,25.6,0.202464116
139.8580736,0.91,1696,7760,11.9,15.5,0.339861673
119.2600862,0.8,2198,4647,7.5,10.6,0.590878206
144.1630671,0.93,1369,6586,14.5,20.2,0.292517007
146.2502657,0.94,1251,8472,17.3,21.2,0.241123743
127.5849133,0.84,2099,5189,8.8,12.1,0.505239561
129.4113997,0.86,1969,5236,9.6,13,0.46028176
5.69118005,0.94,1158,8185,18,21.8,0.214683116
146.9558849,0.95,1059,8028,19.3,24.4,0.213625413
138.3930777,0.89,1745,6239,11.4,15.4,0.398806947
144.1580506,0.93,1333,7669,15,20.2,0.271640571
128.1180604,0.84,2118,5534,8.5,12.1,0.502337831
147.1588699,0.95,1057,8318,19.2,24,0.206183043
4.806075963,0.95,1014,8355,19.6,24.4,0.186673154
12.07829679,0.95,996,8519,19.4,24.7,0.190681445
12.85965346,0.95,1024,8793,19.4,24.4,0.192477422
31.55780462,0.96,927,8213,20.8,26.3,0.18155662
6.465621631,0.97,732,9368,25.6,31.1,0.134009662
144.3051616,0.93,1397,7669,14.6,19.6,0.280420484
10.11229638,0.96,909,8055,21,26.6,0.16966272
91.80017995,0.7,1500,1821,7.3,8.7,0.747901235
7.368996193,0.93,1200,5977,17.7,21.6,0.227066259
126.3101998,0.83,2492,5377,9.3,11,0.553470508
129.6209783,0.85,2005,4854,12.7,14,0.493717421
10.77055481,0.94,1344,7655,17.9,20.4,0.238431831
66.78719246,0.57,824,963,5,6.4,0.869146722
136.9203346,0.88,1775,4721,12.3,14.2,0.3865722
141.7947239,0.92,1453,6110,15.7,17.7,0.299801587
131.0264101,0.86,1812,4110,11.8,12.9,0.432438017
138.4943717,0.9,1994,6577,11.4,13,0.396834416
131.0237231,0.87,2071,5845,13,13.5,0.483267665
118.5652829,0.82,1719,3908,11.8,12.6,0.588224638
138.2466147,0.88,1747,4756,11.8,14.3,0.404238506
138.2222505,0.89,1641,4485,12.8,15.1,0.378401361
22.26747036,0.96,892,7109,21.7,26.2,0.168729852
135.5717996,0.88,1801,4497,11.5,13.4,0.426956522
37.77474301,0.45,14,10,2.7,4.2,0.959183673
93.00646862,0.68,1275,1579,5,7.4,0.821625344
132.81911,0.87,1860,4436,9.8,13.3,0.434960938
140.2614485,0.91,1512,5706,13,18.5,0.329033579
144.2686478,0.94,1141,6487,19,23.6,0.236074271
145.7947485,0.94,1139,7000,17.8,22.3,0.226786779
121.2162638,0.8,1757,3374,10.3,11.3,0.638242465
115.9069883,0.77,1599,3016,10.4,12,0.646415631
135.2988483,0.87,1397,4865,15,18.7,0.353164805
22.50940637,0.95,987,7963,24.4,28,0.184301994
9.361741665,0.96,908,8206,25,28.4,0.166709402
131.4377848,0.86,1477,4565,15.3,19,0.390724777
132.1135508,0.86,1548,4340,17,17.5,0.406451613
109.6008,0.76,2177,2971,7.2,8.8,0.615056818
63.89845164,0.54,710,793,5.2,6.2,0.880983351
68.33253933,0.57,737,729,5.4,6.5,0.863913043
34.99131931,0.95,1071,7375,19.2,23.9,0.204438776
115.2697241,0.8,1949,3152,9.3,10.1,0.655466277
134.3325474,0.86,1954,4056,9.6,11.6,0.5
85.40980881,0.61,1688,1531,7,8.1,0.755127269
114.8584189,0.8,1672,3112,11.2,11.9,0.645564169
70.07194691,0.56,816,872,4.6,7.2,0.873852158
98.59342756,0.69,1517,2154,8.9,9.8,0.7
142.0829802,0.92,1311,6572,17.4,20.8,0.269371197
144.8166127,0.94,1166,7286,20.3,23,0.226843476
3.509711838,0.96,673,6811,30.9,34.4,0.12376443
131.8494544,0.86,2179,5657,8.9,10.8,0.476011905
134.4893915,0.87,1382,4802,15.5,18.5,0.359866745
135.0453227,0.88,2055,5544,9.1,11.9,0.436909913
5.739352149,0.94,1080,6593,21.5,23.8,0.203492063
117.9562951,0.79,1825,3324,8.9,14.9,0.54426501
141.7266552,0.92,1316,5732,15,23.8,0.291969086
18.36208622,0.96,922,7043,20.5,32.4,0.196055227
127.3480757,0.84,1921,4560,8.6,17.2,0.497798498
27.95074621,0.95,1067,7854,17.3,28.4,0.214407814
5.40945005,0.95,1014,6869,17.5,29.3,0.196626298
138.709537,0.9,1756,5730,10.6,18.4,0.395153986
139.3554236,0.91,1621,5692,11.3,19.5,0.375732635
145.1257354,0.93,1314,6701,14.9,24.8,0.297411976
123.4412113,0.84,2050,3855,7.3,13.5,0.553055556
147.0047695,0.95,1090,7421,18.6,27.9,0.220537739
90.57416018,0.72,1443,1509,5.3,10.6,0.715308642
129.8969507,0.87,1844,4702,9.1,17.6,0.423172444
143.3929939,0.93,1341,5763,14.3,23,0.319511617
144.3900161,0.93,1223,6508,16.6,26.1,0.28376548
144.2910104,0.94,1165,6508,17.2,25.2,0.253990801
103.9756015,0.73,1655,2626,10.3,13.4,0.714011438
136.4345108,0.89,1780,5960,12.9,17.2,0.419189413
133.9437916,0.88,1790,4717,10.5,16.7,0.42494824
100.1688825,0.72,1657,2433,5.9,12.6,0.740152851
134.4949399,0.88,1899,5167,9,17.8,0.48241342
124.3814225,0.84,2205,4438,7.9,12.7,0.573219373
132.2880202,0.87,1933,4840,10.5,15.9,0.49914966
143.108948,0.92,1477,6497,13.5,21.5,0.337041157
139.512308,0.91,1479,5546,11.8,21.4,0.36620054
139.5459429,0.9,1628,6693,12.6,19.3,0.35364161
140.5667716,0.91,1520,6997,15.1,21.7,0.311366479
106.5212741,0.73,2144,2663,8.3,10,0.598511905
144.7136778,0.93,1215,6938,19.7,25.7,0.255729167
7.101325765,0.96,787,8578,28.9,36.4,0.154485325
5.429332477,0.97,773,8813,26.9,37.3,0.149771062
113.0816934,0.76,1777,2867,7.5,12.8,0.6406893
67.77470956,0.52,978,1060,9.7,11.6,0.803703704
127.6279411,0.84,2223,4849,9.8,13.3,0.573959195
137.1247497,0.9,1775,6048,12.9,18.6,0.388539371
140.0380518,0.91,1577,5543,11,19.3,0.384743492
139.4652602,0.91,1614,5720,13.7,19.6,0.385392917
141.2959685,0.91,1575,7009,16.5,23.3,0.329672948
127.1004347,0.84,1985,4026,9.2,13.4,0.511202561
102.6138241,0.71,2050,2177,6,9.8,0.664855072
132.4561455,0.87,1800,4354,9.8,15.5,0.429527864
133.1267661,0.88,1877,4616,8.5,16.1,0.444782913
8.760740368,0.92,1265,5343,15.4,23.8,0.247557998
120.2788075,0.79,1976,3262,7.3,20.8,0.515223764
80.05158074,0.53,1009,776,3.4,11.3,0.792491328
131.6240317,0.86,1587,4156,11.1,27.8,0.375794676
60.3087352,0.45,736,475,3.2,10.5,0.839142929
50.63411386,0.95,876,7621,22.4,30.6,0.177512003
136.8307564,0.89,1381,4266,13.8,32,0.315702948
55.97803322,0.95,883,7253,22.4,37.6,0.196767021
113.8625095,0.79,2027,3568,6.8,15.3,0.593524559
114.0015233,0.78,1800,3131,7.9,15.6,0.607694429
114.1722837,0.78,1772,2946,7.1,16.5,0.6239758
123.0925037,0.81,1879,3758,8.4,18.8,0.528955078
128.0424911,0.85,1811,4204,9.7,21.5,0.483160561
135.6390219,0.88,1612,4717,12.8,26.6,0.350622099
50.37553446,0.45,550,468,3.7,8.8,0.881728395
2.710785934,0.96,772,8548,24.9,35.7,0.141747722
128.8306098,0.83,2045,4646,8.9,18.7,0.491210179
97.80803056,0.66,1352,1449,4.8,12.7,0.716175129
125.7002728,0.84,1828,3894,10,18.3,0.498760818
124.3491376,0.83,1837,3874,9.4,20.3,0.520546737
88.38126719,0.65,1321,1483,5.1,11.3,0.75308642
64.91003933,0.48,720,613,4.2,11.7,0.839487179
128.279526,0.83,1855,3903,9.4,22.7,0.453673446
122.4702643,0.81,1956,3966,8.8,18.9,0.522648526
115.8664952,0.79,2134,3722,9.6,10.9,0.569502801
113.8895219,0.75,1949,2785,7.6,10.5,0.617432863
124.3701406,0.81,2139,3208,7.6,12.3,0.505216
137.6015078,0.89,1796,4896,13.2,16,0.353736089
139.157748,0.9,1694,5513,13.5,17.9,0.307162214
139.7698825,0.91,1506,5431,14.5,20.2,0.274262689
16.08492963,0.94,1130,6480,18,25.3,0.21909465
136.1207749,0.89,1780,5864,10,16.1,0.420974768
8.185198259,0.94,1106,6196,18.5,20.2,0.209436759
143.9103626,0.94,1167,6869,20.3,21.4,0.250617284
118.7001091,0.79,2039,3153,9,11.3,0.547052977
130.8766098,0.85,2238,5296,8.2,12.3,0.508182566
135.9861298,0.88,1772,6256,11.8,13.6,0.428145667
147.6611117,0.95,1112,7297,19.2,20.9,0.229395604
17.71520764,0.96,906,8687,21.2,24.8,0.184519676
5.857671126,0.96,843,7344,21.4,25.7,0.166309188
144.5536692,0.93,1376,7687,15.7,17.5,0.293878784
136.5244713,0.89,1821,6307,11.9,13,0.443690476
147.3789141,0.95,1062,7210,18.6,24,0.228987951
140.6234865,0.9,1358,6547,15.5,17.7,0.31429839
143.922383,0.93,1257,7758,16.7,18.7,0.265510033
40.29579122,0.95,1050,8313,20.4,21.9,0.223933589
16.07694703,0.96,749,8494,26.7,29.3,0.152786904
4.328493463,0.96,714,7092,26,35.7,0.137578179
135.8789144,0.88,1699,5877,11.7,13.3,0.419323549
1.987638455,0.97,714,9279,26,34.3,0.132568653
10.42347778,0.95,1140,8737,19.1,19.9,0.236973619
144.8566484,0.94,1122,7907,20,21.9,0.241555717
129.4232937,0.85,1873,4978,9.8,12.7,0.47543618
128.7586882,0.85,2133,4652,9.5,10.7,0.48962242
138.6410947,0.9,1688,6079,12.5,14.2,0.373769947
137.1788805,0.89,1719,5728,11.2,13.8,0.391284061
142.5212042,0.92,1444,7009,14.3,16,0.304484473
146.1157683,0.94,1124,7232,18.3,21,0.229273256
90.6751072,0.65,1529,1895,5.6,7.2,0.815656566
128.9082528,0.86,2278,5323,8.4,9.2,0.481583232
133.6070468,0.87,1972,5550,10.2,11.8,0.457359924
135.3688303,0.89,1857,5218,11.2,13.2,0.420589407
138.7286899,0.9,1635,6166,12.2,14.7,0.338800774
70.59642873,0.57,1030,1038,5.6,6.8,0.842233524
121.0075662,0.82,2296,4535,7.5,9.3,0.579764629
107.7546788,0.74,2501,3178,5.5,6.7,0.703367003
140.3773508,0.91,1644,5725,12.6,15.2,0.370820129
138.4336618,0.9,1417,5530,15.8,17.9,0.363878234
144.2816281,0.93,1238,7050,15.9,18.7,0.264844209
147.0662078,0.95,1029,7436,19.3,22.3,0.204903654
7.124523264,0.98,503,8607,34.1,46.9,0.095944
122.1529761,0.83,1950,4115,9.3,11.7,0.527411477
145.3909481,0.94,1199,7198,18.4,24.7,0.259748247
146.5413062,0.94,1114,7934,18.1,26.4,0.23739639
29.17352559,0.96,876,8434,22.8,31.1,0.170408163
135.7828789,0.88,1824,6407,11,18.2,0.436929683
143.3970371,0.93,1440,6269,12,23.9,0.266420266
142.8600084,0.92,1397,6671,12.5,24.6,0.260307605
144.4514738,0.93,1320,7463,13.6,24.8,0.226369132
23.76340108,0.97,630,7853,29.4,40.9,0.12761846
146.1504554,0.94,1135,6657,13.8,30,0.205847405
8.755999625,0.96,865,7926,17.5,37,0.15137301
124.5361458,0.83,1767,3440,9.5,17.9,0.490162037
66.66740599,0.56,898,747,2.6,8.4,0.809791022
1.875079701,0.95,1072,8019,15.3,28.9,0.18198717
12.06128525,0.95,1159,8312,15.7,31.1,0.193715581
9.416042438,0.96,876,8144,17.8,35.7,0.155148666
116.9247133,0.8,1950,3180,7.8,12.3,0.611132111
8.042365315,0.98,505,8742,34.6,45.6,0.095910518
147.0515107,0.95,1167,7332,15.2,29.4,0.205465365
135.0410594,0.88,1772,5238,10.8,18.2,0.382891705
138.6949723,0.9,1544,5244,10.9,22.5,0.331135042
142.545462,0.93,1485,5963,11.1,24.8,0.290480563
17.99857544,0.95,1111,7348,14.2,31.2,0.195234375
5.477446312,0.96,894,6355,17,34.7,0.16013468
8.753887273,0.96,936,8286,18.3,36.8,0.152991148
12.40386892,0.97,747,7891,20.2,39.5,0.127703915
137.4807262,0.89,1570,5652,12.7,16,0.369683227
52.66356924,0.95,1003,6725,19.7,24,0.230295567
49.11815154,0.95,1020,7026,23.7,25.5,0.224629065
15.13645072,0.96,795,7640,24.4,28.8,0.199341387
3.369287358,0.97,621,8532,29,34.7,0.130548594
144.3580414,0.94,1190,7178,16.2,21.1,0.245386623
3.895799583,0.94,1093,6286,18,22.6,0.235657895
43.71381443,0.35,15,11,3.7,4.3,0.959848485
0.242113046,0.42,19,12,3.1,4.4,0.970779221
130.7343657,0.86,2036,5305,9.4,11.2,0.55
142.1734734,0.92,1376,6223,14.8,17.4,0.354446779
5.353050149,0.94,1277,7360,15.8,18.1,0.307951308
142.6832144,0.93,1419,6223,14.8,17.1,0.363465537
2.553040299,0.97,624,9322,27.8,38,0.114928686
26.17405499,0.97,685,7915,26.7,37.4,0.142371763
17.68480525,0.95,1019,7947,20.5,23.6,0.201755702
35.43565412,0.96,931,7663,22.1,26,0.215225425
4.153548895,0.96,743,6638,25.9,29.4,0.149058949
145.0125693,0.93,1269,7663,16.1,18.2,0.338541667
24.89468177,0.97,708,8371,27,41.3,0.140213992
5.033319656,0.96,720,7332,25.1,30.6,0.167593623
140.9596961,0.91,1468,6323,14,16.9,0.38605042
143.6207696,0.93,1317,5992,15.6,17.8,0.337000887
5.986177094,0.97,656,7135,26.6,31.8,0.147921074
4.744970396,0.98,567,9162,31.2,42.3,0.106128944
13.23414619,0.95,854,6613,22.8,26.2,0.205151888
5.798121486,0.97,671,7341,27.2,32.2,0.150357744
6.901242379,0.97,562,8678,31.7,36.6,0.126975336
143.4042339,0.92,1185,6680,18.5,21.6,0.295472527
31.81117388,0.96,780,8028,26.2,29.9,0.18859045
5.250822486,0.98,435,8321,37,50,0.082194529
9.943729078,0.96,772,8955,27.4,31.5,0.161482624
141.0588653,0.91,1413,6472,15.9,18.5,0.412786596
145.9498537,0.94,1096,7086,19.7,21.6,0.277610693
21.92043465,0.95,923,7549,23.2,26,0.242636494
39.33264023,0.95,973,8085,23.8,25.8,0.217832512
30.27570454,0.96,846,8001,25.4,28.2,0.208264652
133.6339722,0.88,1664,4982,12.8,14.7,0.517391304
131.2422733,0.86,2085,4580,9.4,11.7,0.486316366
5.666452586,0.96,815,8479,22.8,31.8,0.155283447
4.101354822,0.94,1225,6893,16.3,17.7,0.223156511
146.1365774,0.94,1141,6935,17.9,19.9,0.234552154
124.7046959,0.84,2270,3974,8,8.9,0.537941397
142.0024145,0.92,1459,6701,13.9,21.3,0.320054945
27.64543766,0.95,966,7192,20.4,22.6,0.191893896
123.7772234,0.82,2059,4084,8.2,10.8,0.577890305
21.96601075,0.97,635,7782,28.7,40.5,0.125845229
139.7431169,0.9,1745,5883,12.1,14.7,0.374874552
145.8134772,0.94,1340,6082,16.7,18.3,0.283265625
14.38663561,0.94,1192,5855,17.4,18.9,0.23536859
145.8821419,0.94,1251,7588,16.9,19.3,0.238149228
7.966266636,0.97,808,8459,23.3,25.3,0.145737757
140.1559607,0.91,1672,5937,12.1,16.3,0.357563909
148.0592732,0.96,1032,6571,19.6,24.1,0.213710299
13.60498036,0.96,824,6993,22.8,25.3,0.161189889
4.811231687,0.96,825,6499,22.5,25.2,0.155064
147.5897337,0.95,1003,7286,19.8,21.9,0.192252874
12.89749139,0.96,769,8375,24.3,26,0.141849665
4.287645016,0.98,539,9019,31.2,42.9,0.098658256
10.23788341,0.96,784,8220,23.7,26.1,0.146320247
140.7078749,0.91,1559,6629,12.2,16.2,0.313544974
4.559335761,0.98,551,9105,31,42,0.100908194
121.3644823,0.81,1878,3124,8.8,17.6,0.562236842
71.56693214,0.57,1180,991,4.4,10.7,0.818300654
141.026514,0.91,1532,6284,14,28.7,0.345605469
120.0610467,0.82,1582,3076,11,20.1,0.516439095
119.7371075,0.82,1665,3108,10.9,20.7,0.482438017
135.5972579,0.89,1424,4198,15,24.7,0.40214851
47.85034798,0.92,1184,5131,19.8,35.4,0.271015673
96.45131793,0.69,1483,1575,8.9,17.3,0.638875
122.8609055,0.8,1536,2626,10.5,22.7,0.514178241
122.4975683,0.8,1535,2623,10.5,22.7,0.51634838
133.310774,0.85,1542,3513,13.1,26.3,0.437955539
132.6820854,0.87,1291,3658,15.6,31.3,0.371703704
134.591925,0.87,1289,3466,16.7,30.8,0.34462963
139.4341084,0.91,1224,4661,19.9,34.3,0.298977203
86.43663664,0.62,1400,1278,6.3,15.4,0.730886427
87.88052481,0.62,1303,1267,8.1,13.6,0.710398445
133.4259144,0.88,1480,4046,12.5,28,0.349811462
145.859639,0.94,1161,7158,18.2,25.6,0.247431058
119.3948837,0.79,1088,1945,17.9,22.4,0.39648796
116.625504,0.78,1099,1887,17.8,22.6,0.408496685
19.43365927,0.95,906,6962,20.2,41.4,0.168788514
26.29203343,0.96,809,7419,23.6,48.9,0.151239643
18.96054249,0.97,675,7311,28,56.2,0.124993544
137.5169973,0.9,1568,4695,13.3,24.8,0.351477242
142.8505948,0.93,1166,5322,16.6,34.8,0.240430785
101.0352388,0.95,1044,5929,19.5,41.3,0.216987729
92.68695173,0.95,993,6187,19.6,42.2,0.203411114
80.18868841,0.95,996,6271,23.5,43.7,0.214750045
51.93138569,0.96,834,6527,22.6,48.2,0.166089371
23.35689946,0.96,842,7515,23.7,48.9,0.155540436
23.81903568,0.96,779,7673,24.5,51.2,0.143608675
20.9017316,0.88,1067,3124,23.4,29.1,0.27573545
138.5602,0.9,1324,4659,14.4,31.9,0.32195122
140.9519306,0.91,1304,5333,15,32.1,0.289156115
21.89380523,0.91,1258,6243,14.5,33.8,0.262579635
3.101072333,0.96,797,7877,23.8,48.5,0.146225829
137.2261361,0.89,1457,5230,12.5,28.9,0.33236678
3.146926819,0.97,635,7144,29.5,59.6,0.114180491
16.92335111,0.97,586,7820,32.6,65,0.110179556
111.7336401,0.93,1077,5900,19.8,40.3,0.224902482
49.2858199,0.95,886,7118,23.4,47.1,0.172386295
134.326725,0.95,1013,6158,20.1,41.9,0.204092228
21.04521713,0.95,942,5948,21.3,43.2,0.178937187
71.1901033,0.95,983,6496,20.7,45.3,0.198073326
6.840893094,0.97,638,8764,30.5,58.8,0.11168419
144.9277874,0.95,1090,6390,19.4,40.6,0.219229239
24.19156667,0.96,894,7793,22.7,47,0.160583318
21.87493155,0.96,851,7458,22.6,44.6,0.157349978
136.514068,0.9,1425,4277,13.1,26.6,0.345598695
140.5205779,0.91,1300,5279,14.9,31.8,0.293554007
25.28466938,0.95,886,6519,21.1,43.9,0.171645643
16.49555901,0.94,708,3988,35,42.6,0.165873612
25.41795339,0.96,824,7298,24.3,49.6,0.15528138
32.8551119,0.96,773,7181,24.6,50.5,0.149119698
110.4323877,0.94,1039,6032,19.7,40.5,0.210804322
9.604154982,0.96,791,7242,23.6,49.2,0.149396645
8.407176242,0.96,767,8216,26.8,54.4,0.140229637
115.2776696,0.77,1116,1913,17.6,22.6,0.41226912
129.9703784,0.93,1068,6021,20,41,0.233348952
127.2308526,0.85,1672,3578,11.6,21.3,0.428753644
3.971558839,0.96,707,6208,28,54,0.130974732
126.7528308,0.82,1469,3331,11.3,25.8,0.44550185
89.37986442,0.68,1296,1231,5.6,13.1,0.702369718
122.5608541,0.82,1454,3079,26.6,27.9,0.445833333
120.8257701,0.81,1368,2828,27,28.8,0.4486056
129.3400165,0.85,1528,3437,28.5,30.5,0.371830908
137.6170302,0.9,1581,5109,11.5,27.1,0.329407407
132.0986159,0.88,1917,4555,9.8,22.3,0.458608827
136.1570861,0.9,1785,5030,11,26,0.405203165
121.8794054,0.83,1970,3427,6.6,17.6,0.557684499
81.77866341,0.92,1236,5233,41.4,43.5,0.266372093
124.4512671,0.84,1898,3736,8,19.6,0.527677892
134.3027943,0.88,1802,4660,8.5,24.1,0.419440209
119.5292454,0.8,1514,2638,22.3,23.9,0.465611686
126.7460257,0.86,1997,3955,7.2,20.1,0.494931973
136.9001047,0.89,1551,5210,19.5,22.3,0.336340496
93.40199197,0.64,1497,1355,8.1,9.6,0.683375104
82.52991558,0.92,1256,6069,42.5,44,0.247022363
137.2286028,0.89,1542,5287,18.1,20.1,0.312249589
105.9542013,0.74,1794,2301,10,11.9,0.583427816
107.1596056,0.74,1836,2214,9.6,12.5,0.560380952
95.36480785,0.66,1546,1625,8.2,10.2,0.686523258
24.15481447,0.28,212,150,4.4,5.1,0.938957476
124.75875,0.83,1728,3891,11.6,15.4,0.490580546
138.6334494,0.91,1526,5799,19,21.7,0.310151144
141.1954094,0.91,1519,6155,16.2,20.9,0.316123188
141.7567045,0.92,1438,5926,19.6,23.3,0.3000259
66.89801769,0.95,906,5879,53.5,56.2,0.180961712
144.2366578,0.94,1280,6085,22,26.6,0.266916823
144.0897434,0.94,1198,6914,25.7,27,0.232855731
145.7365583,0.94,1063,6624,25,30.1,0.207079365
119.2962551,0.83,1986,3558,9.7,12.8,0.550455085
73.25537765,0.55,1105,1070,7.4,8.3,0.817460317
33.95878166,0.29,376,245,4.4,5.5,0.928240741
80.04014721,0.58,1478,1196,5.1,6.7,0.798504526
139.3585788,0.91,1431,5598,22.2,23.8,0.312600438
122.429421,0.82,1409,2744,26,27,0.450799013
141.8657041,0.92,1398,5931,19.5,23.9,0.293526084
143.7450375,0.93,1294,6546,22.5,24.6,0.249363382
131.5188208,0.87,1869,5403,12.7,14.9,0.429289256
144.2119452,0.94,1237,5936,25.3,28.2,0.258703141
55.91723514,0.46,898,653,5.7,6.8,0.859122807
124.8567294,0.86,1935,3884,10.1,13.8,0.487437399
131.838183,0.87,1584,4211,14.2,17.3,0.393041788
138.3844839,0.9,1526,4928,16.6,20.2,0.317431562
137.7902541,0.89,1605,5142,17,19.9,0.344675325
141.9103962,0.92,1232,5272,21,23.3,0.260639975
143.4985663,0.93,1150,6053,22.4,25.9,0.231968301
123.2950954,0.83,1611,3569,14,15.9,0.496027332
85.84052695,0.64,1324,1725,8.8,9.6,0.734163443
119.7335933,0.8,1719,3558,11.5,15.3,0.522916667
139.7522273,0.91,1434,6669,21.4,23.9,0.297118652
142.6894146,0.93,1327,7061,23.7,25.2,0.242789116
136.3432032,0.89,1385,4668,22.8,23.4,0.298540469
128.914028,0.85,1413,3972,19.2,20.7,0.403576203
116.8590668,0.78,1865,3158,11.6,13.2,0.539131921
116.7989471,0.78,1526,2804,12.6,15.4,0.545703339
125.4890767,0.84,1660,3270,14.6,15.9,0.453385324
130.8295244,0.87,1735,4734,15.4,16.8,0.399305019
51.22423717,0.48,679,641,4.9,6.6,0.877804487
133.7336917,0.88,1499,4124,18.7,20.2,0.377484523
140.2616448,0.91,1406,6167,15.3,30.4,0.284825775
100.5646536,0.74,1480,1885,5.5,16.2,0.5934084
114.7375625,0.77,1308,1727,24,24.5,0.482325952
24.30957556,0.93,1116,5532,19.7,38.8,0.218611243
134.5160038,0.88,1361,3758,17.2,21.5,0.322929655
136.5873395,0.89,1288,4128,18.3,22.9,0.286349826
58.96949177,0.9,1284,4614,19.1,23.8,0.273102874
108.0237349,0.74,1736,2240,10.5,12.7,0.531086264
128.283799,0.84,1620,3627,14.3,16.9,0.398509258
115.6160088,0.78,1645,2814,10.9,14.3,0.51329635
110.3984415,0.75,1346,1788,21.2,22.2,0.496714456
116.9004731,0.78,1481,2636,12.1,15.4,0.483959489
133.7882035,0.88,1433,3627,16.7,19.5,0.347239866
126.2175985,0.84,1494,2949,14.6,16.4,0.414512613
139.5096193,0.91,1197,4610,20.2,24.8,0.274419341
139.5610624,0.91,1186,4491,20.2,24.9,0.270423894
69.08948016,0.92,1185,5200,22,25.4,0.253007516
59.91364648,0.93,1008,5243,23.2,29,0.217259111
38.26609015,0.93,950,4927,24.5,29.7,0.19451392
133.0725102,0.87,1466,4220,25.7,27.4,0.389542484
119.855023,0.79,1399,2584,13.7,16.2,0.460325849
133.3831752,0.87,1483,4358,15.8,19.7,0.344736941
73.52753035,0.92,1140,4753,22.8,26.5,0.260722375
59.16772067,0.92,1097,5054,22.5,27.6,0.237337006
52.1640336,0.92,1097,5710,22.5,29,0.229414719
53.27900673,0.94,931,5747,26.1,31.7,0.193205599
126.7181701,0.83,1716,3692,12.9,16,0.426465228
41.80629343,0.96,792,6749,29.7,36.2,0.150711244
116.0661493,0.77,1709,2410,12.3,13.4,0.505746167
137.2584331,0.9,1483,5199,28.1,30.1,0.340433925
137.4479223,0.89,1319,4594,18.6,21.9,0.299734939
135.6626713,0.9,1480,4566,28.2,30.6,0.376095735
60.53719655,0.93,1036,5385,23.5,29.3,0.219473738
29.87827078,0.97,666,7558,26.2,49,0.137083825
28.09103691,0.97,712,8140,24.5,48.1,0.140442413
21.00462708,0.97,564,7644,29.4,55.4,0.119768987
135.8651625,0.87,1473,5147,11.7,23.3,0.387858073
117.6840012,0.8,1372,2519,20.3,21.3,0.498015873
4.687389607,0.96,849,8313,21.1,41.4,0.162951989
4.043841851,0.96,704,7381,24.1,46.1,0.13788
38.62001363,0.96,794,8015,22.8,41.4,0.165058333
53.34555455,0.95,882,7576,20.5,38.9,0.190398887
47.58761709,0.96,871,7331,20.2,38.5,0.184910328
12.52189519,0.95,840,6690,21.5,38.5,0.177397015
137.7847768,0.89,1450,5443,13,24.6,0.354401154
33.21909098,0.97,661,7738,26.6,47.3,0.143603146
7.495983024,0.97,670,8938,25.9,45.4,0.139749313
143.5258975,0.92,1314,7095,13.5,27,0.290146646
5.232305569,0.98,482,9377,32.6,57.3,0.098881787
143.2123653,0.92,1297,6384,13.9,26.1,0.302050581
136.081824,0.87,1478,5006,11.4,24,0.384703434
128.9189352,0.84,1791,4877,8.2,17.8,0.469038462
134.9540837,0.88,1791,6037,8.8,20.5,0.414770141
3.471361959,0.97,615,7008,27.2,50.9,0.121000125
136.5546681,0.87,1534,4982,10.9,23.4,0.395913978
145.7397628,0.94,1064,6575,17.1,32.5,0.232855927
112.7176741,0.77,1324,2433,20.3,21.1,0.541522367
144.0234866,0.94,1039,7007,19.1,35.6,0.231057434
111.5609659,0.77,1380,2326,17.1,18.4,0.551049909
144.0968005,0.93,1249,7220,14.8,27.7,0.274903475
144.2788794,0.93,1238,7378,14.8,28.3,0.270083774
145.0431417,0.94,1068,6440,17.5,32.7,0.229797054
135.8967561,0.88,1624,5623,9.9,20.8,0.387696892
146.6025801,0.95,1033,7924,18.1,34.7,0.213354475
47.15929116,0.95,865,7336,21,39.5,0.185094697
4.262716548,0.96,841,8900,20.8,38.5,0.165698983
20.03790686,0.96,850,8433,21.4,42.4,0.175267038
138.2287099,0.9,1586,6475,10.7,22.8,0.355107527
133.1747095,0.88,1608,4287,25.1,27,0.37857855
137.2667937,0.89,1499,5730,12.8,23.2,0.369276438
50.31238048,0.95,933,6901,20.3,37,0.203493989
40.17979133,0.96,779,7672,23.2,42.3,0.167765663
105.7014439,0.91,1431,5224,29.7,32.4,0.326861675
62.31855343,0.52,607,698,5.3,6.7,0.882251082
23.0089935,0.88,955,2887,24,28,0.283408
29.5842994,0.91,772,3075,28.7,33.9,0.234778179
17.14222549,0.92,723,3480,32.4,38.7,0.200353703
27.99420601,0.93,730,3691,32.9,37.7,0.191848196
95.43193384,0.93,1230,5500,35,38.4,0.246327264
120.7318617,0.82,1095,2069,18,22.2,0.391907173
15.74151407,0.95,720,4415,36.8,41,0.168542006
15.03921636,0.84,1126,2419,18.6,24.2,0.339394985
9.31517676,0.96,625,5072,40,43.7,0.127873589
22.68179604,0.85,1038,2440,20.3,26.2,0.326857848
15.6473426,0.96,600,5148,42,47.4,0.134507813
24.72355983,0.88,1070,2850,22.4,27,0.291808133
7.836047747,0.974362,354.982081,5371.119929,61.78051,68.78824,0.076871899
103.7906405,0.72,1257,1521,13.9,18.9,0.493830904
19.15900965,0.95,605,4525,40.7,45.6,0.141396317
9.104374449,0.97,425,5056,54.1,59.2,0.087301749
37.12645957,0.88,935,2640,22.8,28,0.292355404
124.843175,0.82,1080,1977,18.7,23.7,0.373434294
15.88207609,0.95,735,4624,36.1,40.1,0.16064476
20.05471591,0.95,627,3860,37.7,45.1,0.158442947
20.73691355,0.96,533,4885,45.5,51.2,0.122919704
85.92727791,0.94,1053,6886,43,44.5,0.207141968
12.5233953,0.96,532,4533,45.8,50.7,0.117045218
16.2299057,0.96,525,5400,46.7,52.7,0.11644442
89.78815058,0.94,1068,6845,40.8,44.7,0.213794206
29.47445463,0.9,775,2719,28.2,34.4,0.243620906
38.89648189,0.91,811,3245,27.8,33.3,0.239254198
31.36677805,0.92,693,3299,33.7,39.2,0.202115612
25.29930282,0.95,603,4173,40.1,47.4,0.151664269
10.62823388,0.970722,498.348269,5668.0828,49.0869,54.10116,0.097121576
130.0696909,0.86,1306,3272,31.2,31.9,0.369338731
82.96075829,0.9,1230,4186,37.7,38.6,0.295536516
80.55259232,0.9,1209,4555,38.7,40.2,0.297473146
73.88994252,0.93,1004,5469,47.4,49,0.215276799
125.8594278,0.83,1186,2258,29.2,30.6,0.414285714
145.1170833,0.94,1092,5774,27.5,29.6,0.237828714
131.4300048,0.86,1647,3990,16.9,18.6,0.436863619
21.04624389,0.96,869,6795,30.5,33,0.161047856
12.29163095,0.97,625,8009,41.8,46.1,0.115097786
134.9725533,0.87,1431,3969,18.7,20.2,0.391893771
131.4114596,0.86,1390,4078,19.6,21.6,0.391013825
143.7563852,0.93,1157,6312,25.7,29.3,0.237571201
126.8282259,0.84,1467,3513,24.2,26.1,0.441295863
33.8768958,0.96,772,7375,37.9,40.8,0.148654811
19.82644875,0.95,783,7081,35.5,39.4,0.151765143
136.3722961,0.89,1391,4639,18.8,20.4,0.342512077
141.1306407,0.91,1250,5012,20,23.3,0.28854107
142.609852,0.92,1429,5888,16.8,26.8,0.263142687
142.6574812,0.93,1216,6078,18.8,30.7,0.231683782
142.560497,0.93,1231,5656,17.4,29,0.237313266
33.30277947,0.94,1147,6526,19.6,30.5,0.20029963
9.103399643,0.95,1094,6991,21.2,33.8,0.189320799
17.68300901,0.95,973,6514,21.5,34.5,0.176151973
2.462203129,0.96,777,5960,25.6,40.7,0.13552076
121.7041289,0.81,2033,3702,8,16,0.466015326
144.3140375,0.94,1241,6070,19.2,24.5,0.253304853
82.43295281,0.94,1044,6179,46.9,48,0.216406277
7.024251357,0.96,729,8777,30,43.4,0.125923905
130.3342876,0.85,1710,4376,10.8,15.4,0.432988544
139.2205857,0.91,1521,5614,14.9,18.5,0.316581197
144.345942,0.93,1278,6571,17.5,26.7,0.244014341
50.61145485,0.95,1020,7177,21.4,30.5,0.187421384
128.5459226,0.85,1689,3822,12,15,0.434287201
104.6549237,0.75,1731,2019,5.9,10.4,0.676705882
143.948265,0.93,1211,5851,17.2,29.4,0.231347166
7.71319044,0.97,667,8050,30,46.2,0.120162481
131.6744765,0.87,1678,4136,11.3,18.7,0.392848165
145.6706511,0.95,989,6602,19.1,35.6,0.198257081
38.29364059,0.95,949,7763,20.5,35.5,0.172423445
9.793540184,0.95,919,7195,20.4,35.4,0.170021053
9.534980215,0.96,881,8051,21.1,38.2,0.159031684
118.6813851,0.78,1780,3476,8.1,16.1,0.514080901
138.5227355,0.91,1611,5686,11.4,22.6,0.313189964
122.4414258,0.82,2041,4231,7.8,11.9,0.544864865
114.3378868,0.79,2038,3248,6.4,14.7,0.555405527
87.01925617,0.94,1043,6568,44.1,45.6,0.208147007
139.5149776,0.93,1319,5540,14.2,30.1,0.298428965
4.459222332,0.96,821,6191,21,38.9,0.150463888
7.268485861,0.95,1046,6853,23.6,31.9,0.185405054
106.2088732,0.75,1803,2919,6.6,10.8,0.685539875
136.6939814,0.89,1750,4530,15.3,20.6,0.373417295
141.3100136,0.92,1588,5834,16.2,23.5,0.316666667
140.6189174,0.92,1552,5406,16.4,23.3,0.308056325
74.41204118,0.96,866,7809,53.4,55.9,0.159335918
133.4503444,0.88,1400,3654,29.2,30,0.387302928
143.4471953,0.93,1289,6325,18.8,29.3,0.257747543
129.1348707,0.85,1424,3552,26.9,28.8,0.421530774
25.47822831,0.96,884,7407,26,39.6,0.16707438
127.3045824,0.85,2069,4315,9.1,12.8,0.500729217
143.8467439,0.93,1161,6231,21.6,29.1,0.241408774
5.001636482,0.97,626,8759,34.9,48.2,0.11039331
84.95652024,0.62,856,618,6.2,7.9,0.782051282
136.4553956,0.89,1473,4899,15.2,21.1,0.337327472
140.5869484,0.91,1439,6073,17,23.9,0.292698756
16.52085434,0.94,1071,7204,21.8,30.8,0.198631657
138.8263949,0.91,1415,4959,19.1,21.4,0.292337165
4.692952529,0.95,803,5667,42.2,46.2,0.150055913
130.4013473,0.85,1157,3194,23.9,25.7,0.382905983
135.6588125,0.89,1376,4264,20.6,22.6,0.364791667
81.89720751,0.91,1135,4037,40.1,42.4,0.288033085
141.2201109,0.92,1203,4858,26.5,27.9,0.261173768
143.7041672,0.93,1197,5659,28.4,30.1,0.246486244
59.37594155,0.95,1037,7200,33.4,35.9,0.19556769
80.17148526,0.94,1154,7239,33.2,35.5,0.220575397
79.78221158,0.94,1135,7069,33.5,35.7,0.225357143
15.5575375,0.95,910,6392,37.9,39.3,0.17234695
143.4230645,0.93,1152,5476,29.6,31.4,0.252122918
79.52214741,0.94,1101,6677,34.5,36.3,0.2240242
112.8804157,0.78,1106,1699,25.6,26.7,0.484009503
66.69192791,0.95,929,7048,37,40.5,0.182109396
21.79446531,0.95,861,6223,39,41.7,0.162103683
67.42403445,0.94,965,6167,36.5,37.6,0.203776899
126.2694844,0.84,1287,2904,17.3,18.6,0.449710648
128.6151612,0.85,1232,3214,23.3,24.8,0.399245852
89.28643027,0.92,1220,6192,30.8,32.9,0.258865915
75.75228755,0.93,1001,5192,47.2,49.2,0.220469262
134.4708082,0.88,1250,4317,25,28,0.349220388
73.73433332,0.93,1088,4986,33.4,35.3,0.228730937
65.47398852,0.94,1012,6864,37.9,39,0.198124111
30.05113972,0.96,734,7679,47.6,50.4,0.139896212
60.50981937,0.94,877,4899,52.4,54.4,0.179568966
65.12072959,0.95,826,6084,55.1,58.3,0.166448933
129.610199,0.85,2086,4839,11.4,14.1,0.476004464
126.7129005,0.85,1395,3482,25.9,27.6,0.437365937
107.6745882,0.76,1229,1831,18.7,20.1,0.556448111
139.6972378,0.92,1437,6066,15.6,25.5,0.264384088
103.1588027,0.91,1361,4956,33.7,35.2,0.324483696
34.82685155,0.94,1009,7267,21.3,39.6,0.192029131
35.70595739,0.96,836,7563,24.1,43.4,0.155367762
54.4179593,0.95,952,6917,21.2,42.8,0.188953003
1.588595968,0.96,839,8021,22.8,39.6,0.14232863
4.782753201,0.97,763,8083,25.4,45.2,0.133593053
3.510246664,0.978252,518.273357,8817.334698,33.0583,59.52047,0.089909571
143.9227707,0.94,1189,5392,17.5,31.9,0.234104303
42.60616552,0.96,918,7372,22.5,41.1,0.165614842
7.475974865,0.97,596,8200,31.7,55.3,0.106062074
62.19137418,0.96,941,6558,21.6,40,0.179440242
2.088332903,0.97,692,8021,25.8,45.9,0.118684974
7.645857422,0.97,589,7708,31.8,54.6,0.106372265
72.71992846,0.92,1091,4582,44.9,46.4,0.247294372
135.8644687,0.89,1419,4611,18.9,26.2,0.369859944
137.0837188,0.89,1378,5433,19.9,26.7,0.343727774
60.92162844,0.95,968,7307,27.5,37.3,0.190886991
96.31006634,0.87,1412,4879,31.5,32.8,0.351869035
79.52065935,0.95,1118,7718,25.3,34.1,0.210770916
84.24476542,0.67,1417,1175,6.6,11.3,0.763427734
122.332385,0.81,2278,5318,8.2,10.8,0.596763784
135.3201534,0.89,1332,4245,17.6,26.9,0.365832913
138.3639971,0.91,1382,5533,19.7,29,0.304077148
56.76194104,0.94,992,6145,28.4,39.2,0.213940048
85.21088066,0.85,1190,3667,37.8,38.5,0.368850902
135.8898783,0.9,1145,3734,22.7,31.5,0.321964822
42.84693589,0.9,1094,4234,24.1,34.3,0.263955026
68.69512401,0.88,1054,3408,21.3,32,0.344377272
90.76276114,0.89,1274,4571,37.3,38.9,0.330270655
104.8043109,0.7,1430,1784,11.1,16.6,0.603282351
89.69154347,0.9,1331,5654,35.4,36.8,0.298577884
115.635479,0.76,1437,2602,12,19,0.562176
139.1505507,0.91,1265,4836,22,31.6,0.326381504
142.1589392,0.92,1215,6122,21.7,32.1,0.274648159
142.1830272,0.93,1161,6472,23,32.2,0.240976944
78.73135495,0.94,1078,6676,25.6,35.3,0.221290144
121.1411798,0.8,1581,2752,12.8,17.9,0.515398551
137.3267947,0.9,1331,4765,19.5,27.9,0.327203065
139.46618,0.91,1071,4235,23,34.1,0.2998713
67.63737931,0.94,942,4823,27.5,40.7,0.23953125
7.128712016,0.96,741,6022,37.2,50.9,0.141134694
74.22205316,0.57,1282,917,6.2,13.3,0.754901961
126.5872279,0.84,1222,2583,16.7,25.6,0.4178207
138.9830718,0.91,1138,4110,23.1,34,0.282881152
54.80413357,0.92,1026,5061,27.9,38.4,0.236828125
58.17210758,0.94,892,4549,30.2,42.6,0.219931877
47.41818387,0.94,1011,5631,29.3,41.1,0.201085301
141.2455855,0.92,1318,5640,21.9,29.9,0.301501966
143.2093466,0.93,1249,6416,22.4,31.5,0.270364114
141.6518397,0.92,1273,6347,22.3,30.5,0.276649306
124.5675878,0.83,1653,3067,11.2,16.2,0.51446281
56.14769831,0.87,921,3470,55.7,56.1,0.306807012
114.2909886,0.77,1458,2494,12.1,18,0.581759217
129.6936751,0.84,1282,3346,17.4,24.9,0.429086883
135.1501888,0.89,1304,4047,17.6,27.3,0.365962963
140.8432335,0.92,1211,4918,22,31.5,0.302327634
142.3743616,0.93,1210,6048,23.8,33.5,0.256022805
47.74548529,0.95,900,6641,30.4,42.9,0.187506749
134.068816,0.89,1199,3622,20.7,29.6,0.339047919
111.8263972,0.74,1449,1940,10.8,19.1,0.549621928
45.83830109,0.95,770,5505,35.3,48,0.162474819
120.5892765,0.8,1360,2348,14.3,20.3,0.495671707
117.4879545,0.79,1342,2398,14.4,21,0.514098862
78.0397429,0.95,1109,7222,25.8,35.3,0.214641947
63.84834101,0.96,844,6578,31.5,42.5,0.169331104
126.0098248,0.83,1444,3166,14.4,21.2,0.482471264
143.306005,0.94,1198,6257,24.3,33.9,0.237527697
65.54137942,0.95,918,5163,29.4,44.2,0.221339002
67.13709449,0.95,951,5755,28.7,39.7,0.216920213
140.8231639,0.9,1365,4384,18.3,26.5,0.342900488
134.9542666,0.89,1299,3860,17,25,0.383702957
63.87984253,0.93,967,4697,28.9,40.1,0.229670938
48.72384805,0.95,824,5598,33.8,45.9,0.175843142
142.7978719,0.93,1191,5286,22.9,33.6,0.276483778
82.18762625,0.82,1164,2802,35.9,36.7,0.396899225
9.109880429,0.95,904,6341,29,38.7,0.170896056
128.8244281,0.85,1563,3664,14.3,20.8,0.45326077
59.9158017,0.95,881,5965,30.8,44.7,0.187261504
137.5764293,0.9,1287,4024,18.6,27.2,0.352412973
82.25668157,0.9,1221,4285,41.8,43.4,0.301340996
47.60875833,0.96,848,7429,33.9,47.6,0.15630448
134.9206821,0.89,1156,3939,21.1,31.4,0.336439259
136.5854797,0.89,1277,4132,19.9,28.8,0.343832689
136.1259095,0.89,1181,3319,21.1,31.2,0.315340909
122.2942839,0.82,1171,2218,15.1,25.4,0.423129682
46.78941004,0.95,877,6042,33.1,46.3,0.169567272
46.40776555,0.96,681,5964,40,55.5,0.142000711
35.68503329,0.92,1116,4853,32.2,35.4,0.225474472
49.64869768,0.93,1123,5588,30.4,33.3,0.215876437
9.761167895,0.96,760,7204,44.3,48.3,0.141159782
68.72982233,0.93,1094,5702,47,48.8,0.219381195
118.9388061,0.81,1776,3160,14.2,17,0.477632805
120.7992044,0.79,1247,2555,21.3,22.7,0.448663594
136.5315443,0.89,1446,4555,22.8,23.7,0.362844187
122.0862506,0.82,1368,2835,28,29.4,0.439694797
66.56149307,0.95,948,7266,37,38.5,0.183277027
133.1016709,0.88,1489,3992,20.5,21.2,0.389943235
131.0746251,0.85,1643,3981,17.5,19.9,0.43652811
136.1836507,0.9,1526,5028,20.9,22.1,0.365336994
114.2360901,0.81,1411,2461,13.2,15.1,0.515507519
70.34329995,0.95,982,7125,35.2,37.3,0.186907272
136.3197826,0.88,1387,3370,20.4,20.9,0.417831625
124.7589226,0.84,1405,3161,31.2,32.3,0.40914787
64.57434214,0.95,946,7138,35.7,39.4,0.186879405
7.077437713,0.96,789,6538,40.8,45.7,0.15056995
11.60002113,0.96,754,8016,42.6,46.3,0.144849268
4.025768614,0.97,648,9351,48.5,53.4,0.116749047
68.22559999,0.94,906,5825,57.7,59.2,0.191645854
135.6595608,0.89,1593,4824,18.1,20.1,0.380134811
139.7617314,0.91,1427,5602,25.1,26.9,0.32255187
141.9706207,0.93,1335,6640,26.3,27.4,0.26129994
108.5057249,0.75,1367,2065,11.9,12.8,0.590980392
142.3274056,0.91,1441,6310,25.6,27.5,0.303768829
142.7788695,0.93,1244,6345,28.5,30,0.266081661
52.2587962,0.94,1078,6020,31.7,33.8,0.210115132
107.217915,0.73,1486,2292,12.1,14.2,0.618794643
123.7235009,0.83,1306,2912,30.8,31.7,0.420642857
117.4099813,0.79,1276,2658,25.8,27.5,0.489246182
131.2276155,0.87,1405,4027,28.3,29.1,0.382870525
134.6243292,0.9,1394,4758,33.1,34.6,0.321387568
86.60440058,0.91,1207,4961,40.5,41.8,0.284013605
77.30430441,0.93,1057,6300,49.1,51.1,0.222190815
110.2654259,0.77,1858,2667,8,11.8,0.612719298
118.7151946,0.81,1903,3525,9.8,13.2,0.523288359
136.1086931,0.87,1719,5589,11.8,14.7,0.407912961
133.8815664,0.86,1944,6141,10.6,14.3,0.451840894
129.7760243,0.84,2011,4498,8.7,9.2,0.536853134
141.467194,0.9,1637,6627,12.6,14.6,0.355994152
5.227598315,0.96,811,9070,22.1,27.9,0.150383728
5.646504427,0.98,536,8140,29.6,35.3,0.102192375
131.349386,0.86,1695,4405,12.7,17.4,0.406948034
5.30374205,0.97,716,9291,24.1,28.8,0.132173084
6.605392073,0.97,634,9021,25.8,32.5,0.119034985
2.446360305,0.97,595,7964,26.8,32.5,0.108538883
3.684403597,0.98,493,9604,30.2,37.8,0.089640032
141.7696878,0.92,1530,6429,13.5,17.4,0.321785418
142.3609258,0.91,1473,6775,13.1,17.6,0.314319591
134.4197233,0.89,1820,5656,10.7,11.9,0.42168736
147.7602263,0.95,1037,8130,18.6,22.3,0.209371069
5.751208525,0.95,932,8564,19.6,22.9,0.175433411
34.12720812,0.97,769,7586,23.6,29.4,0.152214452
2.574254791,0.97,686,9341,23.9,28.7,0.124716553
21.36179375,0.98,609,7918,27.4,33.8,0.120140689
144.1960685,0.93,1339,7204,14.9,20.9,0.280693878
145.9879343,0.94,1148,6980,16.7,20.7,0.240714356
24.38151491,0.97,710,7894,26.2,31.4,0.139955547
22.76015308,0.97,736,8317,27.1,29.9,0.141619006
145.0664951,0.94,1230,7403,16,18.2,0.245322359
90.45461452,0.69,1410,1553,5.1,9.7,0.73537415
2.837574339,0.98,518,9162,33.4,39.8,0.093495201
144.4205366,0.92,1301,6570,16.8,21.3,0.272111993
146.3767616,0.94,1147,8428,19.1,23,0.222598132
16.76470542,0.96,896,8308,22.5,27.4,0.170358176
4.078443116,0.96,853,7391,23.3,27.8,0.157520325
145.6445629,0.93,1210,7303,17.7,21.1,0.246516413
4.849804403,0.95,1064,8191,19.8,23.6,0.193144899
147.1902612,0.94,1067,7587,18.7,23.3,0.21331534
15.49688722,0.95,1029,8400,20.2,25.7,0.200997584
17.59121825,0.96,864,8042,23.4,27.6,0.165665962
18.57171634,0.97,735,8302,25.5,31.3,0.140741713
145.9307681,0.94,1224,7446,16.6,20.3,0.243657367
146.0465367,0.94,1165,6921,17.8,21.3,0.225240207
148.2113956,0.96,968,7630,21.3,25.8,0.189803569
48.15683315,0.95,1079,8175,19,25.1,0.210226275
18.35115092,0.97,784,8647,24.4,29.4,0.146337835
139.601703,0.9,1684,7152,12.1,14.3,0.347446237
144.2123753,0.93,1248,7292,17.3,22.3,0.260811747
144.7037586,0.94,1107,8067,19.1,24.9,0.220679012
11.97860602,0.95,1060,8866,19.5,23.3,0.197149332
87.11657434,0.64,849,668,4,7.3,0.777777778
126.7368694,0.83,2009,5146,8.9,12.2,0.523668639
117.2083908,0.79,2243,4543,7.2,9.5,0.612375
142.9291735,0.92,1447,7557,14.3,18.4,0.296319444
145.7617854,0.94,1175,8200,18.6,22.3,0.226747581
4.352583753,0.95,1019,8906,19.8,23.9,0.191030108
47.50515335,0.96,907,7362,22.4,26.8,0.179151022
134.6070833,0.87,1938,5487,10.9,15.9,0.42465471
129.7718695,0.84,2129,4847,8.1,9.9,0.558470588
148.3228634,0.96,989,7621,21.1,25.4,0.193993506
6.995991627,0.96,884,9222,21.9,26,0.160932118
7.255287062,0.96,836,9016,22.4,27,0.153510377
96.62861129,0.73,1666,2058,5.3,10.3,0.729004725
141.1003112,0.91,1414,5633,11.9,24.9,0.304027778
142.3996535,0.91,1364,6478,13,26.3,0.270736809
136.1669941,0.88,1570,5473,10.6,22,0.363874313
142.3091157,0.92,1281,6492,15.1,27.1,0.256850789
144.9606822,0.94,1049,6403,17,33.4,0.207837252
118.8788506,0.8,1920,3574,6.8,14.2,0.541722645
117.7356072,0.79,1700,3346,6.1,16.8,0.539358108
8.125359817,0.95,918,6259,20.3,37.4,0.172730258
130.6368373,0.85,1741,4570,8.6,19.6,0.443415682
134.2497527,0.88,1520,4241,10.9,23,0.347970896
136.0478832,0.88,1472,4736,11.5,24,0.33411045
140.416672,0.91,1310,5557,14.1,26.9,0.262160981
142.4459815,0.91,1239,5872,15.3,29.7,0.251146437
10.43419516,0.93,1088,5313,17.2,29.8,0.219310897
15.24174193,0.95,945,6695,19.5,37.3,0.181981634
68.45894847,0.55,920,870,3.6,8.8,0.828168044
127.4572546,0.85,1834,3988,8.7,17.6,0.458585859
134.0486062,0.89,1732,4774,10.1,22,0.416416416
18.56830431,0.35,208,181,3.5,5.5,0.943599258
139.5378737,0.91,1481,5333,13.3,23.7,0.332818088
130.2957115,0.85,1712,3824,8.2,19.1,0.437466879
80.64602063,0.51,865,637,3.2,8,0.833926923
131.3912923,0.86,1849,5279,8.4,18.4,0.428767507
64.97879082,0.57,1001,958,1.9,10.1,0.782003711
126.743292,0.84,1876,4157,7.8,16.5,0.492213571
133.8242452,0.88,1715,4964,10.1,20.3,0.400194312
137.9465668,0.89,1723,6250,8.2,25,0.363709948
139.6526308,0.91,1532,6407,11.9,23.8,0.311829611
115.3000918,0.76,1853,2557,5.2,13.7,0.616573902
143.4812986,0.92,1228,6081,14,29.8,0.251593547
15.79704214,0.92,1216,5634,14.7,30,0.235308332
51.91196466,0.49,653,534,3.2,6.4,0.876532887
137.6211697,0.9,1326,4475,14,26.3,0.282141111
49.16013607,0.38,475,366,4.1,6.6,0.894358974
119.5289508,0.79,1935,3532,5.6,13.1,0.566082451
119.519696,0.82,1836,3589,6.9,14.4,0.541324057
139.2086486,0.9,1548,5686,10.9,22.6,0.332894737
141.7472462,0.92,1457,6602,12.4,25.2,0.264922249
142.5732169,0.92,1315,6436,13.6,27.1,0.265303107
109.0567989,0.71,1930,2188,6.6,8.7,0.659025375
104.9674316,0.72,2110,2505,6.4,9.9,0.646334135
96.17075232,0.64,1449,1322,4.5,10.3,0.722411187
93.15911038,0.68,1455,1987,8.4,11.2,0.726653185
138.7429838,0.9,1571,4743,12.7,21.7,0.384772238
116.8843102,0.76,2007,2814,7.5,11.6,0.579695767
144.8328508,0.94,1200,6643,15.9,31.4,0.245846358
109.6144927,0.75,2073,2956,8.4,9.6,0.65601023
18.89154078,0.93,1129,5822,16.6,31.3,0.21997953
144.762694,0.94,1233,7559,16.3,28.5,0.237569683
88.00154149,0.68,1417,1497,4.6,8.5,0.770153986
122.5235951,0.81,1822,3895,6.4,15.1,0.525323162
115.2147489,0.79,1886,2933,9.2,11.2,0.5307
141.018014,0.92,1536,5598,12.1,24.4,0.336577989
142.7429528,0.93,1427,6963,12.4,20.7,0.269864499
147.0005656,0.95,1096,8256,16.3,28.4,0.195731707
125.0748215,0.83,1900,3723,8.1,13.3,0.499232475
118.6773615,0.78,2065,3232,8.1,11.8,0.553806584
136.7183986,0.88,1753,5451,11.4,16.2,0.369998256
2.100775615,0.2,180,80,2.3,5.8,0.962962963
123.6305518,0.83,1873,3594,7.9,16.9,0.543055556
77.54987466,0.56,1042,871,4.9,8.8,0.850873162
120.7229403,0.82,1853,3456,9.7,15.1,0.4365625
136.3145781,0.89,1668,5305,11.1,22.3,0.419870627
90.72878277,0.67,1362,1525,5,11.7,0.778101764
136.7885128,0.89,1767,5337,9.7,22,0.441966318
89.62363217,0.66,1180,1358,4.8,13.7,0.780701754
135.3377225,0.89,1660,5132,9.5,23.1,0.432149571
87.56500062,0.72,1202,1390,3,13.4,0.763077549
135.6431366,0.89,1623,5518,10,24.2,0.40038542
139.9667881,0.9,1501,5695,12,26,0.367614746
102.821485,0.72,1732,2712,5.8,14.2,0.693877551
132.1988619,0.86,2004,5289,8.2,18.6,0.496128
128.0889159,0.85,1919,5044,9,18.7,0.4976
109.0023492,0.74,1863,2652,5.1,11.8,0.720125
49.88131077,0.5,719,653,3.4,9.9,0.876513841
107.3160814,0.77,1762,2539,5.9,13.4,0.699
126.2143851,0.84,1907,4418,8.8,16.9,0.543231225
128.831704,0.84,1959,4433,8.1,17.2,0.517711844
134.563905,0.87,2031,5160,10.1,19.8,0.466290509
126.612936,0.82,1585,3556,13.7,16.7,0.441525613
130.1166089,0.85,1584,3753,14.3,16.9,0.394956986
16.43501718,0.93,1037,5503,21.9,25.7,0.222530053
38.11761903,0.95,865,5940,25.4,31.8,0.185815058
125.3094985,0.82,1636,3502,12.5,16.5,0.455091439
115.3323232,0.78,2154,3311,9.9,10.7,0.542999631
133.8679425,0.87,1668,4719,14.1,17.5,0.38956229
134.790283,0.88,1928,6815,11.9,13.3,0.460077977
101.4445466,0.69,1657,2149,7.9,11.7,0.662819058
110.8684358,0.74,1964,2616,8.9,12.6,0.593753727
126.0030536,0.83,1721,3407,12.8,16,0.456189236
130.3470101,0.85,1727,4187,13.4,16.9,0.425769231
102.2184496,0.69,1920,2215,7.5,10.7,0.668424522
133.5107819,0.86,1844,5424,10.3,14.9,0.469118217
50.86736299,0.94,961,5443,24.4,30.6,0.206620614
142.6392378,0.92,1554,7684,15.1,18.9,0.326214472
90.34362351,0.69,1326,1848,6.1,9.5,0.775498349
132.3832004,0.86,1534,3934,14.3,17.2,0.387919782
86.65552539,0.61,1535,1590,6.9,9.2,0.747491952
79.85634493,0.57,1404,1345,5.2,9.2,0.794878882
128.7203204,0.84,1670,3589,12.6,15.8,0.456373626
45.90934292,0.93,1004,5140,22.2,26.4,0.225425768
100.4452205,0.7,1639,2113,8.4,11.7,0.65834364
115.0189144,0.78,1837,2802,9.8,12.5,0.535855789
129.6142282,0.84,1894,5557,10,14.1,0.507356771
121.6398665,0.81,1852,5192,9.6,14.1,0.518523185
129.1988003,0.84,1885,6056,10,14.2,0.478484123
68.25762945,0.54,467,436,3.5,6.5,0.911911357
0,0.2,0,0,2.2,3.9,0.981968445
86.70544436,0.68,1392,1963,4.5,8.3,0.804057002
0,0.04,0,0,0.9,2.8,1
118.222246,0.77,2035,4523,6.4,10.3,0.66869213
0,0,0,0,0.6,2.3,1
0,0.05,0,0,0.7,2.9,1
117.265788,0.77,2060,4252,7.4,10.8,0.631437651
0,0.01,0,0,0.5,2.6,1
0,0.07,0,0,1.5,3.1,1
0,0,0,0,0.6,1.3,1
96.27962829,0.71,1671,2364,6.2,9.6,0.723140496
121.173423,0.81,1982,4264,8.4,11.5,0.583359713
124.948799,0.84,1863,4542,9.9,13.7,0.530175781
130.6409038,0.86,1916,5823,10,14.3,0.483675858
54.28051561,0.47,232,230,4,5,0.932409502
129.3254336,0.85,1941,5636,9.5,13.9,0.488106875
135.7177479,0.88,1709,6022,11.8,17.5,0.419514472
10.19824734,0.27,57,46,2.5,4.8,0.976875
91.74468873,0.68,1682,1886,5.4,7.4,0.784126984
7.031737576,0.96,845,8674,24.1,28,0.156777172
2.891092906,0.96,757,8308,25.7,29.5,0.138765539
141.5572804,0.91,1470,7002,14.1,17.6,0.305566535
140.7215441,0.91,1550,6608,12.6,18.3,0.324346967
139.0899612,0.9,1632,5945,12.7,16.4,0.354779782
141.8728683,0.91,1563,7472,13.3,17.3,0.322877231
6.989352041,0.94,1279,8753,15.2,19.8,0.239356456
144.7002722,0.93,1201,7500,16.3,21.3,0.238718564
121.8645835,0.82,2283,5305,7.7,10,0.582917162
146.2699191,0.94,1059,7809,18.7,23.3,0.209711271
117.1553277,0.8,2250,4658,7.3,10.4,0.609049479
139.2883395,0.89,1718,7185,12.1,15.6,0.365975632
146.2893453,0.94,1161,7584,18.1,22.1,0.235100964
129.0223787,0.85,2100,5838,9.5,12.5,0.499082341
145.7607756,0.94,1125,8392,19.3,23.3,0.219091643
131.8826207,0.85,1856,5523,11.1,14,0.451365387
144.1017508,0.93,1400,7666,14.6,19.2,0.287009898
143.8452275,0.93,1380,7782,14.5,19.6,0.282125853
10.15502761,0.96,904,8065,21.8,27,0.171532074
21.62842212,0.95,983,8321,20.5,24.9,0.191980087
4.516103776,0.96,818,7004,22.9,27.5,0.155171519
120.1109506,0.8,2196,4668,6.8,10.3,0.619852405
146.7067887,0.94,1177,8721,17.7,21.5,0.222850679
122.0880218,0.82,2284,5349,7.7,10.2,0.583648498
25.35268208,0.95,1013,8262,20.1,24.3,0.198115537
11.68406687,0.95,1048,8937,19.1,24.1,0.1982084
122.6886458,0.84,2091,4726,8.5,11.6,0.550574713
145.8211133,0.94,1244,7359,16.6,22,0.248279689
147.0880419,0.94,1151,8231,17.7,23.6,0.219166632
147.633594,0.95,1081,7344,18.5,24.9,0.211943414
138.3413249,0.9,1754,6540,11.6,14.9,0.375957207
146.5579229,0.95,1122,8280,18.7,24.3,0.213474499
14.58760034,0.95,989,9001,20.3,26.1,0.178711679
4.994877702,0.97,645,9568,27,33.3,0.11464985
70.15870278,0.56,806,830,5,6.7,0.869753086
126.4354041,0.82,1964,3592,11.6,12.7,0.528344671
125.9909873,0.83,1771,3319,11.7,12.4,0.573445105
132.4291355,0.86,2030,4890,14.3,15.5,0.449562682
89.93922938,0.68,1508,1595,5.6,6.8,0.770940171
52.73053624,0.5,461,430,4.7,5.6,0.909444444
144.1353848,0.93,1423,6266,15.1,18.3,0.286848073
132.0757313,0.87,2272,6309,12.6,13.4,0.507020202
140.7523968,0.91,1547,5367,13.7,17,0.31689915
119.4422112,0.83,2113,4402,10.5,10.9,0.594391963
128.1454768,0.86,1722,4672,14.9,15.4,0.503180828
142.517794,0.93,1358,6430,16.7,19.8,0.249897162
140.4668272,0.91,1520,5868,13.1,16.2,0.344052778
38.89696573,0.95,946,7196,21.4,26.6,0.186127316
102.5949632,0.74,1436,1779,4.3,6,0.796556122
133.2280892,0.9,2255,7790,14.9,16.3,0.422527778
108.2143701,0.75,1785,2964,7.3,8.4,0.708246528
116.1603317,0.81,2396,4007,7.2,9.7,0.554722639
139.6074065,0.91,1325,4958,19.1,21.9,0.322787668
136.3099439,0.89,1771,4697,12.4,14.1,0.389473684
144.2959378,0.94,1379,6225,15.6,19.1,0.277949586
144.578155,0.93,1338,6783,17.5,19.8,0.269281046
118.2009694,0.82,2180,5010,10.2,11.5,0.602147075
136.3436301,0.9,2231,8122,14.7,15.5,0.419878788
55.12970808,0.49,372,381,5,6,0.919984879
109.5717023,0.79,1334,2119,5.5,6.9,0.805233932
132.2795137,0.88,1934,4348,11.4,12.6,0.447900338
128.0290091,0.84,1756,4322,9.5,14,0.478324844
145.0932914,0.94,1118,6228,19.5,23.8,0.227043072
127.9555895,0.84,1836,3880,10,13.2,0.502222222
29.32564645,0.94,1125,6525,18.1,22.6,0.219853317
28.9949514,0.95,950,6965,21.4,26.3,0.185468937
134.8870485,0.87,1381,4740,16.1,18.9,0.358896552
143.4658557,0.93,1266,6979,17.8,20,0.241526756
11.5054834,0.93,1184,6356,15.7,20.7,0.228058137
3.576472041,0.95,946,7871,23.1,25.1,0.172309028
25.66319296,0.95,1007,8152,23.7,28.1,0.18203663
111.6905478,0.76,2029,3338,7,9.4,0.621228926
133.3287858,0.88,1495,5077,21.7,23.2,0.371185939
16.36381884,0.94,1141,7221,19.5,21.8,0.213974252
4.597891803,0.96,830,6202,26,29.4,0.155146199
83.30747509,0.61,1012,1032,12.1,12.9,0.772486772
141.6714736,0.92,1366,6003,14.9,23.1,0.31490162
13.49222359,0.95,1061,7087,19.4,29.4,0.214891975
140.7685563,0.92,1588,6486,12.4,19.7,0.337588417
127.1353585,0.85,2120,4322,7.6,14,0.530555556
146.6892539,0.95,1110,7635,16.5,28.5,0.223475828
140.9111294,0.92,1565,6031,12.7,20.2,0.345144824
25.96124873,0.95,1038,7707,18.7,29.4,0.225150364
118.3555746,0.82,2202,3790,5.4,11.5,0.582175926
94.84973606,0.66,2249,2408,6.2,8.6,0.676496231
143.5016183,0.92,1400,6448,14.2,23.5,0.307966706
143.7196665,0.93,1237,6035,15.8,25.2,0.296272321
131.2585595,0.86,1818,5468,11.1,17.9,0.453417969
140.5651529,0.91,1517,6992,15.1,21.7,0.322910152
143.8615596,0.93,1334,7125,17.9,24.7,0.292385392
9.768933274,0.96,786,7459,25.9,34.9,0.169666651
100.5743406,0.71,1447,2190,11.2,12.1,0.702232143
132.6602751,0.87,1947,5462,11.6,15.8,0.452531799
100.1770905,0.72,1269,1925,9.1,11.5,0.736607143
136.4230298,0.89,1772,6121,14.3,18.6,0.404452614
139.7735861,0.91,1562,5516,11.4,19.7,0.359863946
141.5266526,0.91,1519,6288,14.7,21.2,0.35507118
8.147037164,0.93,1437,7186,16.9,21.6,0.290548731
144.4286182,0.92,1521,7080,14.4,21.3,0.311462939
144.7016784,0.94,1265,7518,20,25.5,0.261262109
119.1507281,0.79,2061,3283,8.3,12.4,0.596643519
138.203105,0.9,1825,6083,10.9,17.7,0.429347826
143.9440406,0.94,1357,6342,13.6,25,0.318202349
143.6379604,0.93,1359,6393,13.6,25.2,0.315017825
130.050769,0.87,2084,4814,8.9,15,0.513533835
122.8889993,0.82,1846,3873,7.6,16.1,0.539608037
124.4059013,0.83,1930,3982,7,16,0.530750988
136.6608712,0.89,1740,5468,10.3,18.5,0.429886831
137.1808613,0.89,1768,5639,10.2,17.8,0.424301242
144.4594818,0.93,1263,6049,14.3,24.9,0.305839671
142.3758261,0.92,1463,6483,15.3,22.5,0.327909483
142.5615709,0.92,1359,6116,15.5,23.2,0.322197197
146.1087581,0.94,1096,7816,18.1,27.9,0.237678571
130.2514865,0.85,1845,4963,9.8,16.7,0.495507813
127.9960581,0.85,2087,5005,9.3,13.9,0.536221591
78.67410509,0.63,976,1353,14.4,16.4,0.705654651
137.1666579,0.88,1545,6022,12.7,18.9,0.382338462
142.9667872,0.92,1416,6515,16.8,23.4,0.301917093
146.8370024,0.95,1017,7353,21.3,29.6,0.235815603
15.75083376,0.95,1017,8209,23.4,30.4,0.19979661
111.8603902,0.76,1910,2630,6.4,10.5,0.725
55.49569083,0.53,915,569,3.5,6.7,0.858823529
101.6334634,0.71,1695,2269,5.6,10.8,0.686133333
115.9196826,0.76,2144,3106,9.8,11.4,0.552895022
143.6566158,0.93,1313,7688,15.1,23.8,0.283544175
133.5944617,0.87,1743,4760,10.4,19.3,0.4441505
101.6413594,0.72,1658,2093,6.4,10.8,0.694967742
119.6940128,0.82,1724,3017,8.7,23.3,0.501566784
127.2351837,0.84,1718,3780,9.9,23.7,0.396909307
130.0228862,0.85,1614,4063,10.4,27.6,0.381823461
75.83010142,0.56,1001,850,3.8,13,0.771725188
127.5017391,0.85,1592,3715,10.6,26.6,0.362606367
132.942029,0.87,1725,4770,10.9,28.6,0.367590259
137.0340664,0.89,1424,4579,12.4,31.5,0.321193826
100.9662199,0.7,1880,2173,5.9,17.1,0.613396991
111.4837439,0.71,2055,2751,6.9,18.4,0.522968614
123.531586,0.81,1676,3021,9.2,25.1,0.465397698
124.1348509,0.82,1661,3103,9.6,24.9,0.439363144
128.6816446,0.84,1661,3656,10.7,25.6,0.399734286
128.3847808,0.83,1758,3824,10.2,26.5,0.419674673
132.5858721,0.86,1500,3828,11.5,28.4,0.362196034
132.0170456,0.86,1453,3694,12,29.2,0.328402151
135.8911789,0.88,1329,3962,13.5,33.1,0.311139456
138.5230216,0.9,1233,4501,15.4,34.4,0.271169208
124.1595294,0.81,1911,3527,8.5,19.9,0.498689516
11.83850491,0.96,865,8668,23.3,33.7,0.170120334
133.2131829,0.86,1772,4716,10.6,23.7,0.392133205
136.2984509,0.88,1664,5379,11.6,25.9,0.389274267
5.25810308,0.96,810,8986,22.1,32.3,0.155645688
112.0329044,0.75,1868,2396,6.7,15.8,0.627577551
102.5316266,0.71,1586,2016,6.1,15.2,0.67816092
129.2763856,0.84,1746,4213,10.9,22.4,0.432666079
135.2017359,0.87,1559,4479,12.5,26.7,0.366514135
80.80317252,0.94,1221,6964,16.1,24.5,0.224208505
3.611719144,0.96,772,6679,24.1,26.8,0.15279528
132.359715,0.86,1734,4784,11.7,13.6,0.447793149
19.30197081,0.94,1176,6942,17.4,20,0.245542686
142.8636589,0.91,1286,6369,16,23.3,0.300008797
6.115798987,0.96,894,7748,21.9,23.5,0.180627888
145.6677682,0.94,1125,7757,17.9,25.8,0.238746756
147.2195854,0.95,1102,7007,18.9,21.5,0.239346591
145.6733603,0.94,1167,7901,18.1,25.3,0.24927662
15.53459881,0.96,954,8541,20.6,24.3,0.197520228
28.84742385,0.96,875,8269,20.7,24.3,0.187025
17.38286819,0.96,879,8475,21.4,24.4,0.182128427
14.11724958,0.96,766,7876,23.6,27.4,0.159595238
147.9854369,0.95,962,7313,20.6,30.2,0.204737855
7.981880515,0.97,715,9204,25.3,28.2,0.142649803
146.7662656,0.94,1100,6870,17.3,21,0.236392915
16.47762592,0.95,961,7477,20.8,23,0.205095369
135.5865149,0.88,1676,5718,12.4,15.3,0.403039832
145.3840898,0.94,1089,7057,19,21.3,0.237169702
9.296903026,0.96,853,8110,23.1,25.6,0.171120108
3.68286672,0.96,807,8598,24.8,26.2,0.160890352
12.55291853,0.97,653,8514,30.2,31.6,0.128343319
5.739214352,0.97,590,9249,31.2,33.5,0.115930746
140.8843039,0.91,1555,6885,14,16,0.349052397
145.2887489,0.93,1169,7262,18.3,20,0.256555944
145.9228173,0.94,1123,8004,19.5,21.6,0.243697479
29.65134069,0.95,1026,8311,21.2,22.3,0.220638248
147.2376923,0.95,1004,7134,21.2,23.6,0.224051655
125.7022144,0.82,1793,4683,10.5,12.7,0.515488991
87.38794301,0.58,602,517,3.6,5.6,0.878736842
104.4169026,0.76,2448,3258,6.5,7.1,0.648923445
1.920482887,0.97,645,8677,28,38.2,0.11530593
138.0245009,0.89,1781,5880,13.1,14.4,0.382141092
140.1223456,0.9,1641,6708,13,14.6,0.360590027
4.822201991,0.97,652,9143,28,38.4,0.121038659
5.186244742,0.94,1081,6056,19.2,20.6,0.207110376
141.3452357,0.91,1513,6158,12.9,15.7,0.327287582
144.356252,0.94,1355,7686,14.3,17.1,0.256392212
112.7485402,0.74,2077,3430,7.5,8.6,0.650908434
135.5455506,0.89,1928,6138,10.4,11.9,0.407340372
144.1892177,0.93,1447,6305,14.9,17.6,0.290145665
123.9100549,0.84,2253,4310,7.6,10.7,0.581349206
124.8653921,0.82,1858,3719,11.7,13.7,0.444112061
143.4700904,0.93,1506,6465,12.9,24.8,0.27244832
9.738735567,0.95,1029,7848,15.5,31.8,0.185140931
1.981034615,0.95,962,6797,16.3,32.4,0.164614436
105.2412859,0.74,1866,2766,6.5,9,0.654847756
139.2391838,0.9,1802,6237,9.2,18.8,0.323419379
146.596904,0.94,1148,6923,13.9,30.8,0.21303125
3.831560104,0.94,1101,6044,14.2,30,0.197491529
127.3249368,0.84,1913,4060,9,17.3,0.468618865
128.7306572,0.84,1898,4543,8.1,17.1,0.44340514
144.5105382,0.93,1375,7136,13.4,25.3,0.244991254
147.3879546,0.95,1106,7905,16.2,29,0.184422492
148.4141656,0.96,977,7056,17,33.5,0.171686292
5.660175835,0.96,973,8063,17.7,31.6,0.167542301
11.76931777,0.96,924,7728,17.2,33.6,0.160040564
8.126085263,0.97,736,7546,19.7,39.1,0.129633248
10.65753446,0.94,1294,7027,13.1,25.8,0.224735396
145.0657432,0.94,1288,6131,14.1,27.4,0.225991597
147.8513242,0.96,963,7093,16.3,34,0.179763805
147.8568511,0.96,1058,7028,17.4,31.9,0.183003504
2.8466002,0.96,842,7737,18.8,36,0.141479001
33.35658915,0.97,837,7146,19.3,37.6,0.148257492
6.687022142,0.97,845,8137,19.7,35.5,0.144852087
142.3908117,0.92,1441,6677,14,21.9,0.33127572
146.1703222,0.95,1219,6566,14.2,28.1,0.219352869
147.9319356,0.96,999,6983,17.4,33.8,0.174303233
11.52833829,0.95,960,7866,22.4,26.7,0.196214393
2.784263902,0.96,721,6938,25.7,30.6,0.152681452
94.25098037,0.65,1533,1450,4.7,6,0.833333333
58.98485143,0.96,825,7692,23.5,34.2,0.171760222
137.3256477,0.9,1527,5478,15.1,17.1,0.431727891
32.44674962,0.97,710,7552,26.5,38.1,0.143063174
111.8902037,0.78,2150,3426,7,8.8,0.675128205
136.2700866,0.89,1749,5847,12.5,14.8,0.418456928
146.1696574,0.94,1147,6666,18.6,21.3,0.250841751
135.2042469,0.89,1769,6066,11.1,14.6,0.446818613
148.6528657,0.96,935,7198,22.4,25.5,0.234960718
54.03768027,0.96,935,7543,22.4,26.2,0.250488759
9.383459769,0.96,861,9253,23,26.3,0.18100935
9.652886392,0.96,833,8975,23.8,26.6,0.199496039
17.31765674,0.97,688,8521,26.4,31.4,0.177469096
146.6575072,0.95,1059,7743,18.7,22.8,0.246800662
21.36119128,0.95,907,8298,22.3,26.4,0.212269193
6.311949598,0.96,813,8192,24.2,27.5,0.178472222
17.48089318,0.96,789,8067,24,29,0.192289377
139.938015,0.9,1599,6295,12.6,17.4,0.391774892
146.2810185,0.94,1110,6873,19.2,21.4,0.280403701
145.3991927,0.94,1194,7382,17.1,25,0.250501093
38.17073477,0.95,885,7209,22.5,26.8,0.213925691
139.4971018,0.9,1590,5846,14.4,15.8,0.425347222
7.267819822,0.96,768,7864,25.1,29,0.171274962
40.1479157,0.96,774,7274,25.4,29.8,0.195689203
8.843322654,0.96,780,8229,23.9,28.8,0.169844444
145.6591346,0.94,1077,7806,19.6,22.4,0.264010989
7.092858174,0.98,445,8737,37,49.9,0.083936553
9.445464986,0.96,759,8760,27.3,31.2,0.164472694
5.523879797,0.97,710,9101,28.6,31.8,0.154274753
6.254331432,0.97,693,8956,28.6,31.9,0.149853855
146.2643401,0.95,1031,6970,21.5,24.7,0.243123974
20.65804389,0.95,961,6548,22.1,25.3,0.232474812
135.1477814,0.88,1956,5892,10.4,12.1,0.413219074
53.20508637,0.95,925,6743,20.9,29.4,0.188552189
137.7502621,0.9,1791,5297,11.4,14.7,0.40447998
140.1294345,0.91,1551,6132,13.2,15.3,0.319518717
142.393745,0.93,1554,7355,12.9,17.8,0.288186589
6.795506004,0.93,1457,6627,13.1,18.2,0.263813411
144.0209215,0.93,1319,6783,15.1,18.1,0.272992578
88.80370968,0.68,1398,1651,4.5,6.9,0.822805982
96.0061154,0.69,1734,2139,5.4,8.2,0.777266376
122.8263551,0.81,2066,3894,8,10,0.593136095
129.2922894,0.86,2041,4610,9.2,11,0.504096495
146.324744,0.94,1142,7130,17.8,19.9,0.229982745
8.203847307,0.96,908,8465,21.2,23.3,0.164031653
145.9636777,0.94,1261,6263,16.8,19.3,0.263978659
145.8491035,0.94,1273,6377,16.2,21.1,0.261067019
15.30601446,0.94,1178,6723,17.4,20.8,0.235480024
23.13804466,0.95,1016,7094,19.6,22.8,0.199741401
143.0744439,0.93,1491,6282,13.8,15.1,0.298244149
136.5531502,0.86,1894,4826,10.1,12,0.474703704
145.9732635,0.94,1128,6912,17.2,19.6,0.215094003
147.4333564,0.95,958,7518,20.2,23,0.180645161
3.281328643,0.96,816,8261,23.1,23.6,0.146323032
6.559608049,0.96,822,8632,22.2,23.9,0.149905732
3.705638745,0.97,612,9158,28.8,29.7,0.109056736
122.6782072,0.81,1839,3448,8.1,18.3,0.574098422
119.3232069,0.81,1767,3515,11.2,17.8,0.57035503
131.4618396,0.87,1625,4033,11.2,23.1,0.468651884
128.2621006,0.86,1475,3567,13.1,22.5,0.455678198
132.2136342,0.88,1319,3922,15.7,24.9,0.398814815
139.1093411,0.89,1522,5388,12.4,29.7,0.370766284
140.1446024,0.91,1536,5995,16.4,28.7,0.329592593
139.2592762,0.91,1273,5148,18,33,0.290893555
85.24295147,0.59,1491,1132,5.8,12.8,0.757016532
124.1039723,0.82,1335,2673,14.6,22.6,0.470891035
131.7761182,0.87,1521,3658,16.3,27.6,0.38032981
15.7015365,0.95,847,6507,22.6,46.8,0.159737858
141.8418556,0.92,1264,5844,14.9,31,0.268996248
127.7739486,0.84,1705,3816,13.5,15.7,0.402902903
143.8687428,0.94,1179,6061,17.3,34.4,0.224003887
131.2657505,0.88,1515,3748,11.7,23.7,0.377197976
23.50091911,0.96,891,7793,22.7,47.1,0.159586826
20.63210328,0.96,854,7509,22.6,45.7,0.156126924
128.0912898,0.94,1030,5859,19.3,39.8,0.210394535
131.1061606,0.86,1517,3811,11.2,25.8,0.403365203
49.18643335,0.96,806,6415,24.3,50.7,0.161965075
6.408521417,0.96,706,6561,26.2,53.9,0.129255637
120.5271942,0.8,1604,3317,9.3,21.9,0.484167594
137.5103049,0.9,1252,5263,16.5,33.7,0.298326031
142.8645391,0.92,1194,6572,16.6,36.4,0.240663726
114.1969961,0.94,1040,6362,20.1,40.9,0.214570231
48.0450192,0.95,848,6777,26.1,50.3,0.178466448
4.258326038,0.97,547,8779,34.8,68.7,0.096424943
118.191163,0.81,1819,3098,9.9,17.1,0.490466798
5.253534975,0.95,904,6598,24.4,44.7,0.166715667
139.2076804,0.91,1388,5108,13,29.4,0.318455679
26.33400611,0.96,806,7378,23.7,50.5,0.152956195
27.39456855,0.97,697,7737,28.7,56.5,0.131006946
138.5956841,0.9,1429,4606,14.2,27.6,0.334417751
139.3189726,0.91,1343,4478,14.7,31.2,0.296070856
143.3435686,0.93,1161,5310,16.5,35.5,0.241391715
75.34529175,0.95,967,6347,19.9,41.3,0.192542489
96.24563929,0.95,1008,6253,20.5,41.3,0.205879108
78.42056855,0.94,990,6204,23.3,43,0.211575255
19.15370487,0.97,667,7079,27.2,55.2,0.125613283
145.1261824,0.94,1047,6113,19.5,41.4,0.216016327
139.6894737,0.94,1031,5828,17.8,39.5,0.21211039
26.36973404,0.96,776,6966,24.4,50.3,0.150496845
9.080405493,0.97,590,8038,31.5,62,0.107655601
132.4903061,0.87,1611,4136,11.4,23.4,0.404944822
122.0434879,0.81,1619,3332,9.2,21.4,0.489618094
111.9591128,0.94,1027,6334,20.9,42.2,0.21589576
36.45088228,0.95,832,6848,24.7,47.5,0.165421735
3.109527484,0.96,736,7641,26.6,53.9,0.132141618
13.96372417,0.97,666,7964,29.9,59.5,0.125348164
123.4944201,0.81,1496,3463,11.1,24,0.464968487
140.4399451,0.92,1352,5672,16.5,30.3,0.271928612
105.005106,0.75,1650,2385,6.7,14.4,0.655498685
117.8926848,0.81,1880,2959,5.9,18.8,0.554556743
137.0630621,0.9,1703,5556,10.7,28.6,0.361594905
135.0720975,0.89,1733,4585,11.4,24.2,0.412240203
137.7246349,0.9,1706,5615,11.1,28.2,0.365911748
137.1104244,0.9,1646,5235,11.5,28.1,0.34868985
135.6985713,0.9,1851,6031,10.5,27,0.374125
136.9008311,0.9,1599,4699,11.9,26.1,0.376898148
129.7446786,0.85,2027,4177,7.9,22.1,0.50663018
127.0575481,0.86,1919,4052,7.5,21.1,0.474229601
116.6857055,0.78,1636,2941,13.7,15.7,0.515190972
124.7424879,0.83,1856,3462,13.8,15.2,0.445441176
138.3772833,0.9,1541,5704,18,20,0.314285714
141.7766957,0.92,1399,5224,20.5,23.3,0.29908327
79.97387677,0.94,1071,5187,46.2,48,0.23244724
108.5041609,0.75,1765,2521,8.7,12.6,0.604864434
89.40361046,0.62,1432,1551,8.4,11.7,0.679761905
123.4392317,0.84,1681,3286,23.3,26.1,0.412337662
136.2042708,0.89,1587,4931,17.5,19.8,0.320985222
138.9727185,0.9,1448,5028,17,21.4,0.312154195
100.4470384,0.72,1946,2169,8.5,10.2,0.62962963
84.18039261,0.63,1373,1350,6.3,9.2,0.766206056
142.5879556,0.92,1378,6720,20.8,23,0.276756931
135.887038,0.89,1789,6002,11.7,15.3,0.385451505
144.7600878,0.94,1128,6340,25.8,30,0.210924824
128.8728264,0.83,1621,3780,14.3,16,0.467799189
138.8419211,0.91,1419,5143,17.8,21.2,0.288401254
141.5262764,0.92,1324,5247,20.9,25.2,0.267286767
144.1306393,0.93,1358,7118,20.7,23.4,0.252561072
143.8910454,0.93,1313,6864,20.5,24.5,0.249873354
63.56852464,0.6,980,1010,5.3,7.7,0.838690476
121.4147683,0.84,1920,3489,10.5,13,0.513421053
133.8883079,0.88,1523,4190,16.2,17.8,0.368518519
95.07773422,0.67,1360,1593,11.1,12.1,0.653170359
130.8764101,0.87,1519,4079,16.7,19.6,0.408486122
80.89782579,0.57,1670,1367,5.3,7,0.778756313
124.8078167,0.83,1563,3442,14.7,16.3,0.483751962
47.50920482,0.41,564,455,5,7.2,0.890487939
128.7978159,0.84,1680,4280,14.5,16.3,0.456103679
142.9394345,0.91,1469,6917,21,22.8,0.29036776
142.6100443,0.93,1301,7164,25.1,26,0.248525458
43.4727974,0.4,394,363,3.6,6,0.92294686
78.70665234,0.6,1282,1257,7.6,9.4,0.736695906
67.33697229,0.5,1128,938,6.8,7.7,0.824608262
135.3578115,0.89,1452,4445,19.1,21,0.357200817
112.8797244,0.75,1491,2689,14.4,15.6,0.526714371
55.50066679,0.45,519,514,5.2,6.9,0.885370951
100.8582233,0.72,1202,1419,21.9,22.7,0.531808279
61.96813302,0.53,667,597,4.6,6.2,0.860606061
70.04606538,0.92,1170,4867,43.3,44.4,0.24227021
137.7909914,0.92,1292,5427,15.1,32.7,0.266250945
134.8999109,0.88,1495,4048,15.4,19.8,0.335417007
45.91990361,0.93,1082,5136,22.1,28.3,0.220031204
64.81025927,0.94,927,4966,53.1,55.5,0.193603098
138.9718814,0.91,1277,4268,18.9,22.4,0.292381004
139.5412085,0.91,1229,4675,19.7,23.9,0.27637294
45.39670621,0.91,1217,5077,19.7,22.4,0.240794429
53.77651748,0.91,1187,4805,20.6,24.9,0.250079134
49.3446808,0.92,1085,5186,22.3,25.7,0.226203345
62.1459712,0.93,1045,5354,22.2,27.7,0.221150278
113.983884,0.77,1610,2381,11,13.7,0.518454441
117.1342881,0.79,1441,2500,13,15.4,0.477760449
127.1250626,0.84,1592,3436,14.8,16.2,0.408365691
133.6640044,0.87,1436,3760,16.2,19.3,0.360722955
138.2972291,0.9,1287,4144,18.3,22.2,0.301739728
138.7388571,0.91,1245,4328,18.7,22.9,0.29153686
140.9370012,0.91,1197,4940,20.1,25.3,0.260752301
120.6695333,0.8,1687,2534,12.3,13.1,0.50402832
110.3953052,0.76,1439,2046,12.6,14.9,0.52308206
114.4438903,0.76,1427,2514,15.5,17.2,0.564347484
53.92504367,0.91,1156,4709,21.3,25.5,0.250062193
55.21065277,0.93,1050,5046,23.2,27,0.223390743
54.00921385,0.93,1021,5119,23.5,28.4,0.219765326
52.33032623,0.93,985,5386,23.9,29.6,0.207972857
137.6312473,0.91,1274,5104,19,24.2,0.272992
39.73670446,0.93,1110,5596,21.8,26.2,0.220492433
57.8081006,0.93,1129,5902,22.6,27.9,0.227082017
49.17516111,0.91,1326,4966,19.8,23.4,0.256966183
58.321314,0.91,1188,4853,21,25.3,0.260194043
98.84581796,0.69,1576,1780,9.4,12.3,0.610740741
145.3491218,0.94,1009,6579,17.9,37.5,0.224256984
12.25009317,0.96,743,8018,24,45.3,0.148368627
5.442342895,0.98,454,8019,34.6,63.3,0.090079672
14.41371936,0.95,913,6456,19.3,38,0.188670042
5.267455703,0.96,931,8859,18.1,36.6,0.181454129
9.223170572,0.96,824,8379,21.3,41.1,0.165637471
22.98918135,0.96,773,7856,23.2,43.7,0.159500208
51.43688421,0.95,931,8040,19.7,36.8,0.196006577
24.86344222,0.96,771,8276,23.6,43.1,0.156265018
107.0022621,0.93,1411,6855,30.5,33.4,0.271414729
17.90312971,0.96,713,8032,24.6,45.6,0.150754717
5.746778669,0.98,534,9058,30.3,56,0.109325344
101.1811591,0.92,1255,6221,34.7,38.1,0.26225
140.0346088,0.91,1480,5838,11.1,24.6,0.34564209
143.6760507,0.93,1178,6500,16,30,0.285740828
98.67171903,0.93,1199,5914,34,37.5,0.232467391
12.13826846,0.97,756,9000,24.1,44.4,0.154707573
6.462551625,0.97,663,9026,25.1,46.1,0.135183566
17.97909981,0.97,622,8552,27.9,48.2,0.135262145
12.66760853,0.98,526,8560,30.9,57.3,0.107214862
139.7524097,0.9,1468,5884,11.5,25.1,0.3484375
146.7412637,0.95,994,7020,18.3,35.4,0.212837679
8.770926446,0.96,820,8387,21.3,41.2,0.165237948
24.13601901,0.96,776,7882,23.5,43,0.161885714
145.4462545,0.94,1194,7573,15.7,31.8,0.250432509
3.970362857,0.96,724,7311,23.6,45.2,0.142772144
5.942827675,0.97,619,9282,27.3,53.1,0.116753873
